001_L_index_1.bmp,1
001_L_index_2.bmp,1
001_L_index_3.bmp,1
001_L_index_4.bmp,1
001_L_index_5.bmp,1
001_L_index_6.bmp,1
001_L_middle_1.bmp,1
001_L_middle_2.bmp,1
001_L_middle_3.bmp,1
001_L_middle_4.bmp,1
001_L_middle_5.bmp,1
001_L_middle_6.bmp,1
001_L_ring_1.bmp,1
001_L_ring_2.bmp,1
001_L_ring_3.bmp,1
001_L_ring_4.bmp,1
001_L_ring_5.bmp,1
001_L_ring_6.bmp,1
001_R_index_1.bmp,1
001_R_index_2.bmp,1
001_R_index_3.bmp,1
001_R_index_4.bmp,1
001_R_index_5.bmp,1
001_R_index_6.bmp,1
001_R_middle_1.bmp,1
001_R_middle_2.bmp,1
001_R_middle_3.bmp,1
001_R_middle_4.bmp,1
001_R_middle_5.bmp,1
001_R_middle_6.bmp,1
001_R_ring_1.bmp,1
001_R_ring_2.bmp,1
001_R_ring_3.bmp,1
001_R_ring_4.bmp,1
001_R_ring_5.bmp,1
001_R_ring_6.bmp,1
002_L_index_1.bmp,2
002_L_index_2.bmp,2
002_L_index_3.bmp,2
002_L_index_4.bmp,2
002_L_index_5.bmp,2
002_L_index_6.bmp,2
002_L_middle_1.bmp,2
002_L_middle_2.bmp,2
002_L_middle_3.bmp,2
002_L_middle_4.bmp,2
002_L_middle_5.bmp,2
002_L_middle_6.bmp,2
002_L_ring_1.bmp,2
002_L_ring_2.bmp,2
002_L_ring_3.bmp,2
002_L_ring_4.bmp,2
002_L_ring_5.bmp,2
002_L_ring_6.bmp,2
002_R_index_1.bmp,2
002_R_index_2.bmp,2
002_R_index_3.bmp,2
002_R_index_4.bmp,2
002_R_index_5.bmp,2
002_R_index_6.bmp,2
002_R_middle_1.bmp,2
002_R_middle_2.bmp,2
002_R_middle_3.bmp,2
002_R_middle_4.bmp,2
002_R_middle_5.bmp,2
002_R_middle_6.bmp,2
002_R_ring_1.bmp,2
002_R_ring_2.bmp,2
002_R_ring_3.bmp,2
002_R_ring_4.bmp,2
002_R_ring_5.bmp,2
002_R_ring_6.bmp,2
003_L_index_1.bmp,3
003_L_index_2.bmp,3
003_L_index_3.bmp,3
003_L_index_4.bmp,3
003_L_index_5.bmp,3
003_L_index_6.bmp,3
003_L_middle_1.bmp,3
003_L_middle_2.bmp,3
003_L_middle_3.bmp,3
003_L_middle_4.bmp,3
003_L_middle_5.bmp,3
003_L_middle_6.bmp,3
003_L_ring_1.bmp,3
003_L_ring_2.bmp,3
003_L_ring_3.bmp,3
003_L_ring_4.bmp,3
003_L_ring_5.bmp,3
003_L_ring_6.bmp,3
003_R_index_1.bmp,3
003_R_index_2.bmp,3
003_R_index_3.bmp,3
003_R_index_4.bmp,3
003_R_index_5.bmp,3
003_R_index_6.bmp,3
003_R_middle_1.bmp,3
003_R_middle_2.bmp,3
003_R_middle_3.bmp,3
003_R_middle_4.bmp,3
003_R_middle_5.bmp,3
003_R_middle_6.bmp,3
003_R_ring_1.bmp,3
003_R_ring_2.bmp,3
003_R_ring_3.bmp,3
003_R_ring_4.bmp,3
003_R_ring_5.bmp,3
003_R_ring_6.bmp,3
004_L_index_1.bmp,4
004_L_index_2.bmp,4
004_L_index_3.bmp,4
004_L_index_4.bmp,4
004_L_index_5.bmp,4
004_L_index_6.bmp,4
004_L_middle_1.bmp,4
004_L_middle_2.bmp,4
004_L_middle_3.bmp,4
004_L_middle_4.bmp,4
004_L_middle_5.bmp,4
004_L_middle_6.bmp,4
004_L_ring_1.bmp,4
004_L_ring_2.bmp,4
004_L_ring_3.bmp,4
004_L_ring_4.bmp,4
004_L_ring_5.bmp,4
004_L_ring_6.bmp,4
004_R_index_1.bmp,4
004_R_index_2.bmp,4
004_R_index_3.bmp,4
004_R_index_4.bmp,4
004_R_index_5.bmp,4
004_R_index_6.bmp,4
004_R_middle_1.bmp,4
004_R_middle_2.bmp,4
004_R_middle_3.bmp,4
004_R_middle_4.bmp,4
004_R_middle_5.bmp,4
004_R_middle_6.bmp,4
004_R_ring_1.bmp,4
004_R_ring_2.bmp,4
004_R_ring_3.bmp,4
004_R_ring_4.bmp,4
004_R_ring_5.bmp,4
004_R_ring_6.bmp,4
005_L_index_1.bmp,5
005_L_index_2.bmp,5
005_L_index_3.bmp,5
005_L_index_4.bmp,5
005_L_index_5.bmp,5
005_L_index_6.bmp,5
005_L_middle_1.bmp,5
005_L_middle_2.bmp,5
005_L_middle_3.bmp,5
005_L_middle_4.bmp,5
005_L_middle_5.bmp,5
005_L_middle_6.bmp,5
005_L_ring_1.bmp,5
005_L_ring_2.bmp,5
005_L_ring_3.bmp,5
005_L_ring_4.bmp,5
005_L_ring_5.bmp,5
005_L_ring_6.bmp,5
005_R_index_1.bmp,5
005_R_index_2.bmp,5
005_R_index_3.bmp,5
005_R_index_4.bmp,5
005_R_index_5.bmp,5
005_R_index_6.bmp,5
005_R_middle_1.bmp,5
005_R_middle_2.bmp,5
005_R_middle_3.bmp,5
005_R_middle_4.bmp,5
005_R_middle_5.bmp,5
005_R_middle_6.bmp,5
005_R_ring_1.bmp,5
005_R_ring_2.bmp,5
005_R_ring_3.bmp,5
005_R_ring_4.bmp,5
005_R_ring_5.bmp,5
005_R_ring_6.bmp,5
006_L_index_1.bmp,6
006_L_index_2.bmp,6
006_L_index_3.bmp,6
006_L_index_4.bmp,6
006_L_index_5.bmp,6
006_L_index_6.bmp,6
006_L_middle_1.bmp,6
006_L_middle_2.bmp,6
006_L_middle_3.bmp,6
006_L_middle_4.bmp,6
006_L_middle_5.bmp,6
006_L_middle_6.bmp,6
006_L_ring_1.bmp,6
006_L_ring_2.bmp,6
006_L_ring_3.bmp,6
006_L_ring_4.bmp,6
006_L_ring_5.bmp,6
006_L_ring_6.bmp,6
006_R_index_1.bmp,6
006_R_index_2.bmp,6
006_R_index_3.bmp,6
006_R_index_4.bmp,6
006_R_index_5.bmp,6
006_R_index_6.bmp,6
006_R_middle_1.bmp,6
006_R_middle_2.bmp,6
006_R_middle_3.bmp,6
006_R_middle_4.bmp,6
006_R_middle_5.bmp,6
006_R_middle_6.bmp,6
006_R_ring_1.bmp,6
006_R_ring_2.bmp,6
006_R_ring_3.bmp,6
006_R_ring_4.bmp,6
006_R_ring_5.bmp,6
006_R_ring_6.bmp,6
007_L_index_1.bmp,7
007_L_index_2.bmp,7
007_L_index_3.bmp,7
007_L_index_4.bmp,7
007_L_index_5.bmp,7
007_L_index_6.bmp,7
007_L_middle_1.bmp,7
007_L_middle_2.bmp,7
007_L_middle_3.bmp,7
007_L_middle_4.bmp,7
007_L_middle_5.bmp,7
007_L_middle_6.bmp,7
007_L_ring_1.bmp,7
007_L_ring_2.bmp,7
007_L_ring_3.bmp,7
007_L_ring_4.bmp,7
007_L_ring_5.bmp,7
007_L_ring_6.bmp,7
007_R_index_1.bmp,7
007_R_index_2.bmp,7
007_R_index_3.bmp,7
007_R_index_4.bmp,7
007_R_index_5.bmp,7
007_R_index_6.bmp,7
007_R_middle_1.bmp,7
007_R_middle_2.bmp,7
007_R_middle_3.bmp,7
007_R_middle_4.bmp,7
007_R_middle_5.bmp,7
007_R_middle_6.bmp,7
007_R_ring_1.bmp,7
007_R_ring_2.bmp,7
007_R_ring_3.bmp,7
007_R_ring_4.bmp,7
007_R_ring_5.bmp,7
007_R_ring_6.bmp,7
008_L_index_1.bmp,8
008_L_index_2.bmp,8
008_L_index_3.bmp,8
008_L_index_4.bmp,8
008_L_index_5.bmp,8
008_L_index_6.bmp,8
008_L_middle_1.bmp,8
008_L_middle_2.bmp,8
008_L_middle_3.bmp,8
008_L_middle_4.bmp,8
008_L_middle_5.bmp,8
008_L_middle_6.bmp,8
008_L_ring_1.bmp,8
008_L_ring_2.bmp,8
008_L_ring_3.bmp,8
008_L_ring_4.bmp,8
008_L_ring_5.bmp,8
008_L_ring_6.bmp,8
008_R_index_1.bmp,8
008_R_index_2.bmp,8
008_R_index_3.bmp,8
008_R_index_4.bmp,8
008_R_index_5.bmp,8
008_R_index_6.bmp,8
008_R_middle_1.bmp,8
008_R_middle_2.bmp,8
008_R_middle_3.bmp,8
008_R_middle_4.bmp,8
008_R_middle_5.bmp,8
008_R_middle_6.bmp,8
008_R_ring_1.bmp,8
008_R_ring_2.bmp,8
008_R_ring_3.bmp,8
008_R_ring_4.bmp,8
008_R_ring_5.bmp,8
008_R_ring_6.bmp,8
009_L_index_1.bmp,9
009_L_index_2.bmp,9
009_L_index_3.bmp,9
009_L_index_4.bmp,9
009_L_index_5.bmp,9
009_L_index_6.bmp,9
009_L_middle_1.bmp,9
009_L_middle_2.bmp,9
009_L_middle_3.bmp,9
009_L_middle_4.bmp,9
009_L_middle_5.bmp,9
009_L_middle_6.bmp,9
009_L_ring_1.bmp,9
009_L_ring_2.bmp,9
009_L_ring_3.bmp,9
009_L_ring_4.bmp,9
009_L_ring_5.bmp,9
009_L_ring_6.bmp,9
009_R_index_1.bmp,9
009_R_index_2.bmp,9
009_R_index_3.bmp,9
009_R_index_4.bmp,9
009_R_index_5.bmp,9
009_R_index_6.bmp,9
009_R_middle_1.bmp,9
009_R_middle_2.bmp,9
009_R_middle_3.bmp,9
009_R_middle_4.bmp,9
009_R_middle_5.bmp,9
009_R_middle_6.bmp,9
009_R_ring_1.bmp,9
009_R_ring_2.bmp,9
009_R_ring_3.bmp,9
009_R_ring_4.bmp,9
009_R_ring_5.bmp,9
009_R_ring_6.bmp,9
010_L_index_1.bmp,10
010_L_index_2.bmp,10
010_L_index_3.bmp,10
010_L_index_4.bmp,10
010_L_index_5.bmp,10
010_L_index_6.bmp,10
010_L_middle_1.bmp,10
010_L_middle_2.bmp,10
010_L_middle_3.bmp,10
010_L_middle_4.bmp,10
010_L_middle_5.bmp,10
010_L_middle_6.bmp,10
010_L_ring_1.bmp,10
010_L_ring_2.bmp,10
010_L_ring_3.bmp,10
010_L_ring_4.bmp,10
010_L_ring_5.bmp,10
010_L_ring_6.bmp,10
010_R_index_1.bmp,10
010_R_index_2.bmp,10
010_R_index_3.bmp,10
010_R_index_4.bmp,10
010_R_index_5.bmp,10
010_R_index_6.bmp,10
010_R_middle_1.bmp,10
010_R_middle_2.bmp,10
010_R_middle_3.bmp,10
010_R_middle_4.bmp,10
010_R_middle_5.bmp,10
010_R_middle_6.bmp,10
010_R_ring_1.bmp,10
010_R_ring_2.bmp,10
010_R_ring_3.bmp,10
010_R_ring_4.bmp,10
010_R_ring_5.bmp,10
010_R_ring_6.bmp,10
011_L_index_1.bmp,11
011_L_index_2.bmp,11
011_L_index_3.bmp,11
011_L_index_4.bmp,11
011_L_index_5.bmp,11
011_L_index_6.bmp,11
011_L_middle_1.bmp,11
011_L_middle_2.bmp,11
011_L_middle_3.bmp,11
011_L_middle_4.bmp,11
011_L_middle_5.bmp,11
011_L_middle_6.bmp,11
011_L_ring_1.bmp,11
011_L_ring_2.bmp,11
011_L_ring_3.bmp,11
011_L_ring_4.bmp,11
011_L_ring_5.bmp,11
011_L_ring_6.bmp,11
011_R_index_1.bmp,11
011_R_index_2.bmp,11
011_R_index_3.bmp,11
011_R_index_4.bmp,11
011_R_index_5.bmp,11
011_R_index_6.bmp,11
011_R_middle_1.bmp,11
011_R_middle_2.bmp,11
011_R_middle_3.bmp,11
011_R_middle_4.bmp,11
011_R_middle_5.bmp,11
011_R_middle_6.bmp,11
011_R_ring_1.bmp,11
011_R_ring_2.bmp,11
011_R_ring_3.bmp,11
011_R_ring_4.bmp,11
011_R_ring_5.bmp,11
011_R_ring_6.bmp,11
012_L_index_1.bmp,12
012_L_index_2.bmp,12
012_L_index_3.bmp,12
012_L_index_4.bmp,12
012_L_index_5.bmp,12
012_L_index_6.bmp,12
012_L_middle_1.bmp,12
012_L_middle_2.bmp,12
012_L_middle_3.bmp,12
012_L_middle_4.bmp,12
012_L_middle_5.bmp,12
012_L_middle_6.bmp,12
012_L_ring_1.bmp,12
012_L_ring_2.bmp,12
012_L_ring_3.bmp,12
012_L_ring_4.bmp,12
012_L_ring_5.bmp,12
012_L_ring_6.bmp,12
012_R_index_1.bmp,12
012_R_index_2.bmp,12
012_R_index_3.bmp,12
012_R_index_4.bmp,12
012_R_index_5.bmp,12
012_R_index_6.bmp,12
012_R_middle_1.bmp,12
012_R_middle_2.bmp,12
012_R_middle_3.bmp,12
012_R_middle_4.bmp,12
012_R_middle_5.bmp,12
012_R_middle_6.bmp,12
012_R_ring_1.bmp,12
012_R_ring_2.bmp,12
012_R_ring_3.bmp,12
012_R_ring_4.bmp,12
012_R_ring_5.bmp,12
012_R_ring_6.bmp,12
013_L_index_1.bmp,13
013_L_index_2.bmp,13
013_L_index_3.bmp,13
013_L_index_4.bmp,13
013_L_index_5.bmp,13
013_L_index_6.bmp,13
013_L_middle_1.bmp,13
013_L_middle_2.bmp,13
013_L_middle_3.bmp,13
013_L_middle_4.bmp,13
013_L_middle_5.bmp,13
013_L_middle_6.bmp,13
013_L_ring_1.bmp,13
013_L_ring_2.bmp,13
013_L_ring_3.bmp,13
013_L_ring_4.bmp,13
013_L_ring_5.bmp,13
013_L_ring_6.bmp,13
013_R_index_1.bmp,13
013_R_index_2.bmp,13
013_R_index_3.bmp,13
013_R_index_4.bmp,13
013_R_index_5.bmp,13
013_R_index_6.bmp,13
013_R_middle_1.bmp,13
013_R_middle_2.bmp,13
013_R_middle_3.bmp,13
013_R_middle_4.bmp,13
013_R_middle_5.bmp,13
013_R_middle_6.bmp,13
013_R_ring_1.bmp,13
013_R_ring_2.bmp,13
013_R_ring_3.bmp,13
013_R_ring_4.bmp,13
013_R_ring_5.bmp,13
013_R_ring_6.bmp,13
014_L_index_1.bmp,14
014_L_index_2.bmp,14
014_L_index_3.bmp,14
014_L_index_4.bmp,14
014_L_index_5.bmp,14
014_L_index_6.bmp,14
014_L_middle_1.bmp,14
014_L_middle_2.bmp,14
014_L_middle_3.bmp,14
014_L_middle_4.bmp,14
014_L_middle_5.bmp,14
014_L_middle_6.bmp,14
014_L_ring_1.bmp,14
014_L_ring_2.bmp,14
014_L_ring_3.bmp,14
014_L_ring_4.bmp,14
014_L_ring_5.bmp,14
014_L_ring_6.bmp,14
014_R_index_1.bmp,14
014_R_index_2.bmp,14
014_R_index_3.bmp,14
014_R_index_4.bmp,14
014_R_index_5.bmp,14
014_R_index_6.bmp,14
014_R_middle_1.bmp,14
014_R_middle_2.bmp,14
014_R_middle_3.bmp,14
014_R_middle_4.bmp,14
014_R_middle_5.bmp,14
014_R_middle_6.bmp,14
014_R_ring_1.bmp,14
014_R_ring_2.bmp,14
014_R_ring_3.bmp,14
014_R_ring_4.bmp,14
014_R_ring_5.bmp,14
014_R_ring_6.bmp,14
015_L_index_1.bmp,15
015_L_index_2.bmp,15
015_L_index_3.bmp,15
015_L_index_4.bmp,15
015_L_index_5.bmp,15
015_L_index_6.bmp,15
015_L_middle_1.bmp,15
015_L_middle_2.bmp,15
015_L_middle_3.bmp,15
015_L_middle_4.bmp,15
015_L_middle_5.bmp,15
015_L_middle_6.bmp,15
015_L_ring_1.bmp,15
015_L_ring_2.bmp,15
015_L_ring_3.bmp,15
015_L_ring_4.bmp,15
015_L_ring_5.bmp,15
015_L_ring_6.bmp,15
015_R_index_1.bmp,15
015_R_index_2.bmp,15
015_R_index_3.bmp,15
015_R_index_4.bmp,15
015_R_index_5.bmp,15
015_R_index_6.bmp,15
015_R_middle_1.bmp,15
015_R_middle_2.bmp,15
015_R_middle_3.bmp,15
015_R_middle_4.bmp,15
015_R_middle_5.bmp,15
015_R_middle_6.bmp,15
015_R_ring_1.bmp,15
015_R_ring_2.bmp,15
015_R_ring_3.bmp,15
015_R_ring_4.bmp,15
015_R_ring_5.bmp,15
015_R_ring_6.bmp,15
016_L_index_1.bmp,16
016_L_index_2.bmp,16
016_L_index_3.bmp,16
016_L_index_4.bmp,16
016_L_index_5.bmp,16
016_L_index_6.bmp,16
016_L_middle_1.bmp,16
016_L_middle_2.bmp,16
016_L_middle_3.bmp,16
016_L_middle_4.bmp,16
016_L_middle_5.bmp,16
016_L_middle_6.bmp,16
016_L_ring_1.bmp,16
016_L_ring_2.bmp,16
016_L_ring_3.bmp,16
016_L_ring_4.bmp,16
016_L_ring_5.bmp,16
016_L_ring_6.bmp,16
016_R_index_1.bmp,16
016_R_index_2.bmp,16
016_R_index_3.bmp,16
016_R_index_4.bmp,16
016_R_index_5.bmp,16
016_R_index_6.bmp,16
016_R_middle_1.bmp,16
016_R_middle_2.bmp,16
016_R_middle_3.bmp,16
016_R_middle_4.bmp,16
016_R_middle_5.bmp,16
016_R_middle_6.bmp,16
016_R_ring_1.bmp,16
016_R_ring_2.bmp,16
016_R_ring_3.bmp,16
016_R_ring_4.bmp,16
016_R_ring_5.bmp,16
016_R_ring_6.bmp,16
017_L_index_1.bmp,17
017_L_index_2.bmp,17
017_L_index_3.bmp,17
017_L_index_4.bmp,17
017_L_index_5.bmp,17
017_L_index_6.bmp,17
017_L_middle_1.bmp,17
017_L_middle_2.bmp,17
017_L_middle_3.bmp,17
017_L_middle_4.bmp,17
017_L_middle_5.bmp,17
017_L_middle_6.bmp,17
017_L_ring_1.bmp,17
017_L_ring_2.bmp,17
017_L_ring_3.bmp,17
017_L_ring_4.bmp,17
017_L_ring_5.bmp,17
017_L_ring_6.bmp,17
017_R_index_1.bmp,17
017_R_index_2.bmp,17
017_R_index_3.bmp,17
017_R_index_4.bmp,17
017_R_index_5.bmp,17
017_R_index_6.bmp,17
017_R_middle_1.bmp,17
017_R_middle_2.bmp,17
017_R_middle_3.bmp,17
017_R_middle_4.bmp,17
017_R_middle_5.bmp,17
017_R_middle_6.bmp,17
017_R_ring_1.bmp,17
017_R_ring_2.bmp,17
017_R_ring_3.bmp,17
017_R_ring_4.bmp,17
017_R_ring_5.bmp,17
017_R_ring_6.bmp,17
018_L_index_1.bmp,18
018_L_index_2.bmp,18
018_L_index_3.bmp,18
018_L_index_4.bmp,18
018_L_index_5.bmp,18
018_L_index_6.bmp,18
018_L_middle_1.bmp,18
018_L_middle_2.bmp,18
018_L_middle_3.bmp,18
018_L_middle_4.bmp,18
018_L_middle_5.bmp,18
018_L_middle_6.bmp,18
018_L_ring_1.bmp,18
018_L_ring_2.bmp,18
018_L_ring_3.bmp,18
018_L_ring_4.bmp,18
018_L_ring_5.bmp,18
018_L_ring_6.bmp,18
018_R_index_1.bmp,18
018_R_index_2.bmp,18
018_R_index_3.bmp,18
018_R_index_4.bmp,18
018_R_index_5.bmp,18
018_R_index_6.bmp,18
018_R_middle_1.bmp,18
018_R_middle_2.bmp,18
018_R_middle_3.bmp,18
018_R_middle_4.bmp,18
018_R_middle_5.bmp,18
018_R_middle_6.bmp,18
018_R_ring_1.bmp,18
018_R_ring_2.bmp,18
018_R_ring_3.bmp,18
018_R_ring_4.bmp,18
018_R_ring_5.bmp,18
018_R_ring_6.bmp,18
019_L_index_1.bmp,19
019_L_index_2.bmp,19
019_L_index_3.bmp,19
019_L_index_4.bmp,19
019_L_index_5.bmp,19
019_L_index_6.bmp,19
019_L_middle_1.bmp,19
019_L_middle_2.bmp,19
019_L_middle_3.bmp,19
019_L_middle_4.bmp,19
019_L_middle_5.bmp,19
019_L_middle_6.bmp,19
019_L_ring_1.bmp,19
019_L_ring_2.bmp,19
019_L_ring_3.bmp,19
019_L_ring_4.bmp,19
019_L_ring_5.bmp,19
019_L_ring_6.bmp,19
019_R_index_1.bmp,19
019_R_index_2.bmp,19
019_R_index_3.bmp,19
019_R_index_4.bmp,19
019_R_index_5.bmp,19
019_R_index_6.bmp,19
019_R_middle_1.bmp,19
019_R_middle_2.bmp,19
019_R_middle_3.bmp,19
019_R_middle_4.bmp,19
019_R_middle_5.bmp,19
019_R_middle_6.bmp,19
019_R_ring_1.bmp,19
019_R_ring_2.bmp,19
019_R_ring_3.bmp,19
019_R_ring_4.bmp,19
019_R_ring_5.bmp,19
019_R_ring_6.bmp,19
020_L_index_1.bmp,20
020_L_index_2.bmp,20
020_L_index_3.bmp,20
020_L_index_4.bmp,20
020_L_index_5.bmp,20
020_L_index_6.bmp,20
020_L_middle_1.bmp,20
020_L_middle_2.bmp,20
020_L_middle_3.bmp,20
020_L_middle_4.bmp,20
020_L_middle_5.bmp,20
020_L_middle_6.bmp,20
020_L_ring_1.bmp,20
020_L_ring_2.bmp,20
020_L_ring_3.bmp,20
020_L_ring_4.bmp,20
020_L_ring_5.bmp,20
020_L_ring_6.bmp,20
020_R_index_1.bmp,20
020_R_index_2.bmp,20
020_R_index_3.bmp,20
020_R_index_4.bmp,20
020_R_index_5.bmp,20
020_R_index_6.bmp,20
020_R_middle_1.bmp,20
020_R_middle_2.bmp,20
020_R_middle_3.bmp,20
020_R_middle_4.bmp,20
020_R_middle_5.bmp,20
020_R_middle_6.bmp,20
020_R_ring_1.bmp,20
020_R_ring_2.bmp,20
020_R_ring_3.bmp,20
020_R_ring_4.bmp,20
020_R_ring_5.bmp,20
020_R_ring_6.bmp,20
021_L_index_1.bmp,21
021_L_index_2.bmp,21
021_L_index_3.bmp,21
021_L_index_4.bmp,21
021_L_index_5.bmp,21
021_L_index_6.bmp,21
021_L_middle_1.bmp,21
021_L_middle_2.bmp,21
021_L_middle_3.bmp,21
021_L_middle_4.bmp,21
021_L_middle_5.bmp,21
021_L_middle_6.bmp,21
021_L_ring_1.bmp,21
021_L_ring_2.bmp,21
021_L_ring_3.bmp,21
021_L_ring_4.bmp,21
021_L_ring_5.bmp,21
021_L_ring_6.bmp,21
021_R_index_1.bmp,21
021_R_index_2.bmp,21
021_R_index_3.bmp,21
021_R_index_4.bmp,21
021_R_index_5.bmp,21
021_R_index_6.bmp,21
021_R_middle_1.bmp,21
021_R_middle_2.bmp,21
021_R_middle_3.bmp,21
021_R_middle_4.bmp,21
021_R_middle_5.bmp,21
021_R_middle_6.bmp,21
021_R_ring_1.bmp,21
021_R_ring_2.bmp,21
021_R_ring_3.bmp,21
021_R_ring_4.bmp,21
021_R_ring_5.bmp,21
021_R_ring_6.bmp,21
022_L_index_1.bmp,22
022_L_index_2.bmp,22
022_L_index_3.bmp,22
022_L_index_4.bmp,22
022_L_index_5.bmp,22
022_L_index_6.bmp,22
022_L_middle_1.bmp,22
022_L_middle_2.bmp,22
022_L_middle_3.bmp,22
022_L_middle_4.bmp,22
022_L_middle_5.bmp,22
022_L_middle_6.bmp,22
022_L_ring_1.bmp,22
022_L_ring_2.bmp,22
022_L_ring_3.bmp,22
022_L_ring_4.bmp,22
022_L_ring_5.bmp,22
022_L_ring_6.bmp,22
022_R_index_1.bmp,22
022_R_index_2.bmp,22
022_R_index_3.bmp,22
022_R_index_4.bmp,22
022_R_index_5.bmp,22
022_R_index_6.bmp,22
022_R_middle_1.bmp,22
022_R_middle_2.bmp,22
022_R_middle_3.bmp,22
022_R_middle_4.bmp,22
022_R_middle_5.bmp,22
022_R_middle_6.bmp,22
022_R_ring_1.bmp,22
022_R_ring_2.bmp,22
022_R_ring_3.bmp,22
022_R_ring_4.bmp,22
022_R_ring_5.bmp,22
022_R_ring_6.bmp,22
023_L_index_1.bmp,23
023_L_index_2.bmp,23
023_L_index_3.bmp,23
023_L_index_4.bmp,23
023_L_index_5.bmp,23
023_L_index_6.bmp,23
023_L_middle_1.bmp,23
023_L_middle_2.bmp,23
023_L_middle_3.bmp,23
023_L_middle_4.bmp,23
023_L_middle_5.bmp,23
023_L_middle_6.bmp,23
023_L_ring_1.bmp,23
023_L_ring_2.bmp,23
023_L_ring_3.bmp,23
023_L_ring_4.bmp,23
023_L_ring_5.bmp,23
023_L_ring_6.bmp,23
023_R_index_1.bmp,23
023_R_index_2.bmp,23
023_R_index_3.bmp,23
023_R_index_4.bmp,23
023_R_index_5.bmp,23
023_R_index_6.bmp,23
023_R_middle_1.bmp,23
023_R_middle_2.bmp,23
023_R_middle_3.bmp,23
023_R_middle_4.bmp,23
023_R_middle_5.bmp,23
023_R_middle_6.bmp,23
023_R_ring_1.bmp,23
023_R_ring_2.bmp,23
023_R_ring_3.bmp,23
023_R_ring_4.bmp,23
023_R_ring_5.bmp,23
023_R_ring_6.bmp,23
024_L_index_1.bmp,24
024_L_index_2.bmp,24
024_L_index_3.bmp,24
024_L_index_4.bmp,24
024_L_index_5.bmp,24
024_L_index_6.bmp,24
024_L_middle_1.bmp,24
024_L_middle_2.bmp,24
024_L_middle_3.bmp,24
024_L_middle_4.bmp,24
024_L_middle_5.bmp,24
024_L_middle_6.bmp,24
024_L_ring_1.bmp,24
024_L_ring_2.bmp,24
024_L_ring_3.bmp,24
024_L_ring_4.bmp,24
024_L_ring_5.bmp,24
024_L_ring_6.bmp,24
024_R_index_1.bmp,24
024_R_index_2.bmp,24
024_R_index_3.bmp,24
024_R_index_4.bmp,24
024_R_index_5.bmp,24
024_R_index_6.bmp,24
024_R_middle_1.bmp,24
024_R_middle_2.bmp,24
024_R_middle_3.bmp,24
024_R_middle_4.bmp,24
024_R_middle_5.bmp,24
024_R_middle_6.bmp,24
024_R_ring_1.bmp,24
024_R_ring_2.bmp,24
024_R_ring_3.bmp,24
024_R_ring_4.bmp,24
024_R_ring_5.bmp,24
024_R_ring_6.bmp,24
025_L_index_1.bmp,25
025_L_index_2.bmp,25
025_L_index_3.bmp,25
025_L_index_4.bmp,25
025_L_index_5.bmp,25
025_L_index_6.bmp,25
025_L_middle_1.bmp,25
025_L_middle_2.bmp,25
025_L_middle_3.bmp,25
025_L_middle_4.bmp,25
025_L_middle_5.bmp,25
025_L_middle_6.bmp,25
025_L_ring_1.bmp,25
025_L_ring_2.bmp,25
025_L_ring_3.bmp,25
025_L_ring_4.bmp,25
025_L_ring_5.bmp,25
025_L_ring_6.bmp,25
025_R_index_1.bmp,25
025_R_index_2.bmp,25
025_R_index_3.bmp,25
025_R_index_4.bmp,25
025_R_index_5.bmp,25
025_R_index_6.bmp,25
025_R_middle_1.bmp,25
025_R_middle_2.bmp,25
025_R_middle_3.bmp,25
025_R_middle_4.bmp,25
025_R_middle_5.bmp,25
025_R_middle_6.bmp,25
025_R_ring_1.bmp,25
025_R_ring_2.bmp,25
025_R_ring_3.bmp,25
025_R_ring_4.bmp,25
025_R_ring_5.bmp,25
025_R_ring_6.bmp,25
026_L_index_1.bmp,26
026_L_index_2.bmp,26
026_L_index_3.bmp,26
026_L_index_4.bmp,26
026_L_index_5.bmp,26
026_L_index_6.bmp,26
026_L_middle_1.bmp,26
026_L_middle_2.bmp,26
026_L_middle_3.bmp,26
026_L_middle_4.bmp,26
026_L_middle_5.bmp,26
026_L_middle_6.bmp,26
026_L_ring_1.bmp,26
026_L_ring_2.bmp,26
026_L_ring_3.bmp,26
026_L_ring_4.bmp,26
026_L_ring_5.bmp,26
026_L_ring_6.bmp,26
026_R_index_1.bmp,26
026_R_index_2.bmp,26
026_R_index_3.bmp,26
026_R_index_4.bmp,26
026_R_index_5.bmp,26
026_R_index_6.bmp,26
026_R_middle_1.bmp,26
026_R_middle_2.bmp,26
026_R_middle_3.bmp,26
026_R_middle_4.bmp,26
026_R_middle_5.bmp,26
026_R_middle_6.bmp,26
026_R_ring_1.bmp,26
026_R_ring_2.bmp,26
026_R_ring_3.bmp,26
026_R_ring_4.bmp,26
026_R_ring_5.bmp,26
026_R_ring_6.bmp,26
027_L_index_1.bmp,27
027_L_index_2.bmp,27
027_L_index_3.bmp,27
027_L_index_4.bmp,27
027_L_index_5.bmp,27
027_L_index_6.bmp,27
027_L_middle_1.bmp,27
027_L_middle_2.bmp,27
027_L_middle_3.bmp,27
027_L_middle_4.bmp,27
027_L_middle_5.bmp,27
027_L_middle_6.bmp,27
027_L_ring_1.bmp,27
027_L_ring_2.bmp,27
027_L_ring_3.bmp,27
027_L_ring_4.bmp,27
027_L_ring_5.bmp,27
027_L_ring_6.bmp,27
027_R_index_1.bmp,27
027_R_index_2.bmp,27
027_R_index_3.bmp,27
027_R_index_4.bmp,27
027_R_index_5.bmp,27
027_R_index_6.bmp,27
027_R_middle_1.bmp,27
027_R_middle_2.bmp,27
027_R_middle_3.bmp,27
027_R_middle_4.bmp,27
027_R_middle_5.bmp,27
027_R_middle_6.bmp,27
027_R_ring_1.bmp,27
027_R_ring_2.bmp,27
027_R_ring_3.bmp,27
027_R_ring_4.bmp,27
027_R_ring_5.bmp,27
027_R_ring_6.bmp,27
028_L_index_1.bmp,28
028_L_index_2.bmp,28
028_L_index_3.bmp,28
028_L_index_4.bmp,28
028_L_index_5.bmp,28
028_L_index_6.bmp,28
028_L_middle_1.bmp,28
028_L_middle_2.bmp,28
028_L_middle_3.bmp,28
028_L_middle_4.bmp,28
028_L_middle_5.bmp,28
028_L_middle_6.bmp,28
028_L_ring_1.bmp,28
028_L_ring_2.bmp,28
028_L_ring_3.bmp,28
028_L_ring_4.bmp,28
028_L_ring_5.bmp,28
028_L_ring_6.bmp,28
028_R_index_1.bmp,28
028_R_index_2.bmp,28
028_R_index_3.bmp,28
028_R_index_4.bmp,28
028_R_index_5.bmp,28
028_R_index_6.bmp,28
028_R_middle_1.bmp,28
028_R_middle_2.bmp,28
028_R_middle_3.bmp,28
028_R_middle_4.bmp,28
028_R_middle_5.bmp,28
028_R_middle_6.bmp,28
028_R_ring_1.bmp,28
028_R_ring_2.bmp,28
028_R_ring_3.bmp,28
028_R_ring_4.bmp,28
028_R_ring_5.bmp,28
028_R_ring_6.bmp,28
029_L_index_1.bmp,29
029_L_index_2.bmp,29
029_L_index_3.bmp,29
029_L_index_4.bmp,29
029_L_index_5.bmp,29
029_L_index_6.bmp,29
029_L_middle_1.bmp,29
029_L_middle_2.bmp,29
029_L_middle_3.bmp,29
029_L_middle_4.bmp,29
029_L_middle_5.bmp,29
029_L_middle_6.bmp,29
029_L_ring_1.bmp,29
029_L_ring_2.bmp,29
029_L_ring_3.bmp,29
029_L_ring_4.bmp,29
029_L_ring_5.bmp,29
029_L_ring_6.bmp,29
029_R_index_1.bmp,29
029_R_index_2.bmp,29
029_R_index_3.bmp,29
029_R_index_4.bmp,29
029_R_index_5.bmp,29
029_R_index_6.bmp,29
029_R_middle_1.bmp,29
029_R_middle_2.bmp,29
029_R_middle_3.bmp,29
029_R_middle_4.bmp,29
029_R_middle_5.bmp,29
029_R_middle_6.bmp,29
029_R_ring_1.bmp,29
029_R_ring_2.bmp,29
029_R_ring_3.bmp,29
029_R_ring_4.bmp,29
029_R_ring_5.bmp,29
029_R_ring_6.bmp,29
030_L_index_1.bmp,30
030_L_index_2.bmp,30
030_L_index_3.bmp,30
030_L_index_4.bmp,30
030_L_index_5.bmp,30
030_L_index_6.bmp,30
030_L_middle_1.bmp,30
030_L_middle_2.bmp,30
030_L_middle_3.bmp,30
030_L_middle_4.bmp,30
030_L_middle_5.bmp,30
030_L_middle_6.bmp,30
030_L_ring_1.bmp,30
030_L_ring_2.bmp,30
030_L_ring_3.bmp,30
030_L_ring_4.bmp,30
030_L_ring_5.bmp,30
030_L_ring_6.bmp,30
030_R_index_1.bmp,30
030_R_index_2.bmp,30
030_R_index_3.bmp,30
030_R_index_4.bmp,30
030_R_index_5.bmp,30
030_R_index_6.bmp,30
030_R_middle_1.bmp,30
030_R_middle_2.bmp,30
030_R_middle_3.bmp,30
030_R_middle_4.bmp,30
030_R_middle_5.bmp,30
030_R_middle_6.bmp,30
030_R_ring_1.bmp,30
030_R_ring_2.bmp,30
030_R_ring_3.bmp,30
030_R_ring_4.bmp,30
030_R_ring_5.bmp,30
030_R_ring_6.bmp,30
031_L_index_1.bmp,31
031_L_index_2.bmp,31
031_L_index_3.bmp,31
031_L_index_4.bmp,31
031_L_index_5.bmp,31
031_L_index_6.bmp,31
031_L_middle_1.bmp,31
031_L_middle_2.bmp,31
031_L_middle_3.bmp,31
031_L_middle_4.bmp,31
031_L_middle_5.bmp,31
031_L_middle_6.bmp,31
031_L_ring_1.bmp,31
031_L_ring_2.bmp,31
031_L_ring_3.bmp,31
031_L_ring_4.bmp,31
031_L_ring_5.bmp,31
031_L_ring_6.bmp,31
031_R_index_1.bmp,31
031_R_index_2.bmp,31
031_R_index_3.bmp,31
031_R_index_4.bmp,31
031_R_index_5.bmp,31
031_R_index_6.bmp,31
031_R_middle_1.bmp,31
031_R_middle_2.bmp,31
031_R_middle_3.bmp,31
031_R_middle_4.bmp,31
031_R_middle_5.bmp,31
031_R_middle_6.bmp,31
031_R_ring_1.bmp,31
031_R_ring_2.bmp,31
031_R_ring_3.bmp,31
031_R_ring_4.bmp,31
031_R_ring_5.bmp,31
031_R_ring_6.bmp,31
032_L_index_1.bmp,32
032_L_index_2.bmp,32
032_L_index_3.bmp,32
032_L_index_4.bmp,32
032_L_index_5.bmp,32
032_L_index_6.bmp,32
032_L_middle_1.bmp,32
032_L_middle_2.bmp,32
032_L_middle_3.bmp,32
032_L_middle_4.bmp,32
032_L_middle_5.bmp,32
032_L_middle_6.bmp,32
032_L_ring_1.bmp,32
032_L_ring_2.bmp,32
032_L_ring_3.bmp,32
032_L_ring_4.bmp,32
032_L_ring_5.bmp,32
032_L_ring_6.bmp,32
032_R_index_1.bmp,32
032_R_index_2.bmp,32
032_R_index_3.bmp,32
032_R_index_4.bmp,32
032_R_index_5.bmp,32
032_R_index_6.bmp,32
032_R_middle_1.bmp,32
032_R_middle_2.bmp,32
032_R_middle_3.bmp,32
032_R_middle_4.bmp,32
032_R_middle_5.bmp,32
032_R_middle_6.bmp,32
032_R_ring_1.bmp,32
032_R_ring_2.bmp,32
032_R_ring_3.bmp,32
032_R_ring_4.bmp,32
032_R_ring_5.bmp,32
032_R_ring_6.bmp,32
033_L_index_1.bmp,33
033_L_index_2.bmp,33
033_L_index_3.bmp,33
033_L_index_4.bmp,33
033_L_index_5.bmp,33
033_L_index_6.bmp,33
033_L_middle_1.bmp,33
033_L_middle_2.bmp,33
033_L_middle_3.bmp,33
033_L_middle_4.bmp,33
033_L_middle_5.bmp,33
033_L_middle_6.bmp,33
033_L_ring_1.bmp,33
033_L_ring_2.bmp,33
033_L_ring_3.bmp,33
033_L_ring_4.bmp,33
033_L_ring_5.bmp,33
033_L_ring_6.bmp,33
033_R_index_1.bmp,33
033_R_index_2.bmp,33
033_R_index_3.bmp,33
033_R_index_4.bmp,33
033_R_index_5.bmp,33
033_R_index_6.bmp,33
033_R_middle_1.bmp,33
033_R_middle_2.bmp,33
033_R_middle_3.bmp,33
033_R_middle_4.bmp,33
033_R_middle_5.bmp,33
033_R_middle_6.bmp,33
033_R_ring_1.bmp,33
033_R_ring_2.bmp,33
033_R_ring_3.bmp,33
033_R_ring_4.bmp,33
033_R_ring_5.bmp,33
033_R_ring_6.bmp,33
034_L_index_1.bmp,34
034_L_index_2.bmp,34
034_L_index_3.bmp,34
034_L_index_4.bmp,34
034_L_index_5.bmp,34
034_L_index_6.bmp,34
034_L_middle_1.bmp,34
034_L_middle_2.bmp,34
034_L_middle_3.bmp,34
034_L_middle_4.bmp,34
034_L_middle_5.bmp,34
034_L_middle_6.bmp,34
034_L_ring_1.bmp,34
034_L_ring_2.bmp,34
034_L_ring_3.bmp,34
034_L_ring_4.bmp,34
034_L_ring_5.bmp,34
034_L_ring_6.bmp,34
034_R_index_1.bmp,34
034_R_index_2.bmp,34
034_R_index_3.bmp,34
034_R_index_4.bmp,34
034_R_index_5.bmp,34
034_R_index_6.bmp,34
034_R_middle_1.bmp,34
034_R_middle_2.bmp,34
034_R_middle_3.bmp,34
034_R_middle_4.bmp,34
034_R_middle_5.bmp,34
034_R_middle_6.bmp,34
034_R_ring_1.bmp,34
034_R_ring_2.bmp,34
034_R_ring_3.bmp,34
034_R_ring_4.bmp,34
034_R_ring_5.bmp,34
034_R_ring_6.bmp,34
035_L_index_1.bmp,35
035_L_index_2.bmp,35
035_L_index_3.bmp,35
035_L_index_4.bmp,35
035_L_index_5.bmp,35
035_L_index_6.bmp,35
035_L_middle_1.bmp,35
035_L_middle_2.bmp,35
035_L_middle_3.bmp,35
035_L_middle_4.bmp,35
035_L_middle_5.bmp,35
035_L_middle_6.bmp,35
035_L_ring_1.bmp,35
035_L_ring_2.bmp,35
035_L_ring_3.bmp,35
035_L_ring_4.bmp,35
035_L_ring_5.bmp,35
035_L_ring_6.bmp,35
035_R_index_1.bmp,35
035_R_index_2.bmp,35
035_R_index_3.bmp,35
035_R_index_4.bmp,35
035_R_index_5.bmp,35
035_R_index_6.bmp,35
035_R_middle_1.bmp,35
035_R_middle_2.bmp,35
035_R_middle_3.bmp,35
035_R_middle_4.bmp,35
035_R_middle_5.bmp,35
035_R_middle_6.bmp,35
035_R_ring_1.bmp,35
035_R_ring_2.bmp,35
035_R_ring_3.bmp,35
035_R_ring_4.bmp,35
035_R_ring_5.bmp,35
035_R_ring_6.bmp,35
036_L_index_1.bmp,36
036_L_index_2.bmp,36
036_L_index_3.bmp,36
036_L_index_4.bmp,36
036_L_index_5.bmp,36
036_L_index_6.bmp,36
036_L_middle_1.bmp,36
036_L_middle_2.bmp,36
036_L_middle_3.bmp,36
036_L_middle_4.bmp,36
036_L_middle_5.bmp,36
036_L_middle_6.bmp,36
036_L_ring_1.bmp,36
036_L_ring_2.bmp,36
036_L_ring_3.bmp,36
036_L_ring_4.bmp,36
036_L_ring_5.bmp,36
036_L_ring_6.bmp,36
036_R_index_1.bmp,36
036_R_index_2.bmp,36
036_R_index_3.bmp,36
036_R_index_4.bmp,36
036_R_index_5.bmp,36
036_R_index_6.bmp,36
036_R_middle_1.bmp,36
036_R_middle_2.bmp,36
036_R_middle_3.bmp,36
036_R_middle_4.bmp,36
036_R_middle_5.bmp,36
036_R_middle_6.bmp,36
036_R_ring_1.bmp,36
036_R_ring_2.bmp,36
036_R_ring_3.bmp,36
036_R_ring_4.bmp,36
036_R_ring_5.bmp,36
036_R_ring_6.bmp,36
037_L_index_1.bmp,37
037_L_index_2.bmp,37
037_L_index_3.bmp,37
037_L_index_4.bmp,37
037_L_index_5.bmp,37
037_L_index_6.bmp,37
037_L_middle_1.bmp,37
037_L_middle_2.bmp,37
037_L_middle_3.bmp,37
037_L_middle_4.bmp,37
037_L_middle_5.bmp,37
037_L_middle_6.bmp,37
037_L_ring_1.bmp,37
037_L_ring_2.bmp,37
037_L_ring_3.bmp,37
037_L_ring_4.bmp,37
037_L_ring_5.bmp,37
037_L_ring_6.bmp,37
037_R_index_1.bmp,37
037_R_index_2.bmp,37
037_R_index_3.bmp,37
037_R_index_4.bmp,37
037_R_index_5.bmp,37
037_R_index_6.bmp,37
037_R_middle_1.bmp,37
037_R_middle_2.bmp,37
037_R_middle_3.bmp,37
037_R_middle_4.bmp,37
037_R_middle_5.bmp,37
037_R_middle_6.bmp,37
037_R_ring_1.bmp,37
037_R_ring_2.bmp,37
037_R_ring_3.bmp,37
037_R_ring_4.bmp,37
037_R_ring_5.bmp,37
037_R_ring_6.bmp,37
038_L_index_1.bmp,38
038_L_index_2.bmp,38
038_L_index_3.bmp,38
038_L_index_4.bmp,38
038_L_index_5.bmp,38
038_L_index_6.bmp,38
038_L_middle_1.bmp,38
038_L_middle_2.bmp,38
038_L_middle_3.bmp,38
038_L_middle_4.bmp,38
038_L_middle_5.bmp,38
038_L_middle_6.bmp,38
038_L_ring_1.bmp,38
038_L_ring_2.bmp,38
038_L_ring_3.bmp,38
038_L_ring_4.bmp,38
038_L_ring_5.bmp,38
038_L_ring_6.bmp,38
038_R_index_1.bmp,38
038_R_index_2.bmp,38
038_R_index_3.bmp,38
038_R_index_4.bmp,38
038_R_index_5.bmp,38
038_R_index_6.bmp,38
038_R_middle_1.bmp,38
038_R_middle_2.bmp,38
038_R_middle_3.bmp,38
038_R_middle_4.bmp,38
038_R_middle_5.bmp,38
038_R_middle_6.bmp,38
038_R_ring_1.bmp,38
038_R_ring_2.bmp,38
038_R_ring_3.bmp,38
038_R_ring_4.bmp,38
038_R_ring_5.bmp,38
038_R_ring_6.bmp,38
039_L_index_1.bmp,39
039_L_index_2.bmp,39
039_L_index_3.bmp,39
039_L_index_4.bmp,39
039_L_index_5.bmp,39
039_L_index_6.bmp,39
039_L_middle_1.bmp,39
039_L_middle_2.bmp,39
039_L_middle_3.bmp,39
039_L_middle_4.bmp,39
039_L_middle_5.bmp,39
039_L_middle_6.bmp,39
039_L_ring_1.bmp,39
039_L_ring_2.bmp,39
039_L_ring_3.bmp,39
039_L_ring_4.bmp,39
039_L_ring_5.bmp,39
039_L_ring_6.bmp,39
039_R_index_1.bmp,39
039_R_index_2.bmp,39
039_R_index_3.bmp,39
039_R_index_4.bmp,39
039_R_index_5.bmp,39
039_R_index_6.bmp,39
039_R_middle_1.bmp,39
039_R_middle_2.bmp,39
039_R_middle_3.bmp,39
039_R_middle_4.bmp,39
039_R_middle_5.bmp,39
039_R_middle_6.bmp,39
039_R_ring_1.bmp,39
039_R_ring_2.bmp,39
039_R_ring_3.bmp,39
039_R_ring_4.bmp,39
039_R_ring_5.bmp,39
039_R_ring_6.bmp,39
040_L_index_1.bmp,40
040_L_index_2.bmp,40
040_L_index_3.bmp,40
040_L_index_4.bmp,40
040_L_index_5.bmp,40
040_L_index_6.bmp,40
040_L_middle_1.bmp,40
040_L_middle_2.bmp,40
040_L_middle_3.bmp,40
040_L_middle_4.bmp,40
040_L_middle_5.bmp,40
040_L_middle_6.bmp,40
040_L_ring_1.bmp,40
040_L_ring_2.bmp,40
040_L_ring_3.bmp,40
040_L_ring_4.bmp,40
040_L_ring_5.bmp,40
040_L_ring_6.bmp,40
040_R_index_1.bmp,40
040_R_index_2.bmp,40
040_R_index_3.bmp,40
040_R_index_4.bmp,40
040_R_index_5.bmp,40
040_R_index_6.bmp,40
040_R_middle_1.bmp,40
040_R_middle_2.bmp,40
040_R_middle_3.bmp,40
040_R_middle_4.bmp,40
040_R_middle_5.bmp,40
040_R_middle_6.bmp,40
040_R_ring_1.bmp,40
040_R_ring_2.bmp,40
040_R_ring_3.bmp,40
040_R_ring_4.bmp,40
040_R_ring_5.bmp,40
040_R_ring_6.bmp,40
041_L_index_1.bmp,41
041_L_index_2.bmp,41
041_L_index_3.bmp,41
041_L_index_4.bmp,41
041_L_index_5.bmp,41
041_L_index_6.bmp,41
041_L_middle_1.bmp,41
041_L_middle_2.bmp,41
041_L_middle_3.bmp,41
041_L_middle_4.bmp,41
041_L_middle_5.bmp,41
041_L_middle_6.bmp,41
041_L_ring_1.bmp,41
041_L_ring_2.bmp,41
041_L_ring_3.bmp,41
041_L_ring_4.bmp,41
041_L_ring_5.bmp,41
041_L_ring_6.bmp,41
041_R_index_1.bmp,41
041_R_index_2.bmp,41
041_R_index_3.bmp,41
041_R_index_4.bmp,41
041_R_index_5.bmp,41
041_R_index_6.bmp,41
041_R_middle_1.bmp,41
041_R_middle_2.bmp,41
041_R_middle_3.bmp,41
041_R_middle_4.bmp,41
041_R_middle_5.bmp,41
041_R_middle_6.bmp,41
041_R_ring_1.bmp,41
041_R_ring_2.bmp,41
041_R_ring_3.bmp,41
041_R_ring_4.bmp,41
041_R_ring_5.bmp,41
041_R_ring_6.bmp,41
042_L_index_1.bmp,42
042_L_index_2.bmp,42
042_L_index_3.bmp,42
042_L_index_4.bmp,42
042_L_index_5.bmp,42
042_L_index_6.bmp,42
042_L_middle_1.bmp,42
042_L_middle_2.bmp,42
042_L_middle_3.bmp,42
042_L_middle_4.bmp,42
042_L_middle_5.bmp,42
042_L_middle_6.bmp,42
042_L_ring_1.bmp,42
042_L_ring_2.bmp,42
042_L_ring_3.bmp,42
042_L_ring_4.bmp,42
042_L_ring_5.bmp,42
042_L_ring_6.bmp,42
042_R_index_1.bmp,42
042_R_index_2.bmp,42
042_R_index_3.bmp,42
042_R_index_4.bmp,42
042_R_index_5.bmp,42
042_R_index_6.bmp,42
042_R_middle_1.bmp,42
042_R_middle_2.bmp,42
042_R_middle_3.bmp,42
042_R_middle_4.bmp,42
042_R_middle_5.bmp,42
042_R_middle_6.bmp,42
042_R_ring_1.bmp,42
042_R_ring_2.bmp,42
042_R_ring_3.bmp,42
042_R_ring_4.bmp,42
042_R_ring_5.bmp,42
042_R_ring_6.bmp,42
043_L_index_1.bmp,43
043_L_index_2.bmp,43
043_L_index_3.bmp,43
043_L_index_4.bmp,43
043_L_index_5.bmp,43
043_L_index_6.bmp,43
043_L_middle_1.bmp,43
043_L_middle_2.bmp,43
043_L_middle_3.bmp,43
043_L_middle_4.bmp,43
043_L_middle_5.bmp,43
043_L_middle_6.bmp,43
043_L_ring_1.bmp,43
043_L_ring_2.bmp,43
043_L_ring_3.bmp,43
043_L_ring_4.bmp,43
043_L_ring_5.bmp,43
043_L_ring_6.bmp,43
043_R_index_1.bmp,43
043_R_index_2.bmp,43
043_R_index_3.bmp,43
043_R_index_4.bmp,43
043_R_index_5.bmp,43
043_R_index_6.bmp,43
043_R_middle_1.bmp,43
043_R_middle_2.bmp,43
043_R_middle_3.bmp,43
043_R_middle_4.bmp,43
043_R_middle_5.bmp,43
043_R_middle_6.bmp,43
043_R_ring_1.bmp,43
043_R_ring_2.bmp,43
043_R_ring_3.bmp,43
043_R_ring_4.bmp,43
043_R_ring_5.bmp,43
043_R_ring_6.bmp,43
044_L_index_1.bmp,44
044_L_index_2.bmp,44
044_L_index_3.bmp,44
044_L_index_4.bmp,44
044_L_index_5.bmp,44
044_L_index_6.bmp,44
044_L_middle_1.bmp,44
044_L_middle_2.bmp,44
044_L_middle_3.bmp,44
044_L_middle_4.bmp,44
044_L_middle_5.bmp,44
044_L_middle_6.bmp,44
044_L_ring_1.bmp,44
044_L_ring_2.bmp,44
044_L_ring_3.bmp,44
044_L_ring_4.bmp,44
044_L_ring_5.bmp,44
044_L_ring_6.bmp,44
044_R_index_1.bmp,44
044_R_index_2.bmp,44
044_R_index_3.bmp,44
044_R_index_4.bmp,44
044_R_index_5.bmp,44
044_R_index_6.bmp,44
044_R_middle_1.bmp,44
044_R_middle_2.bmp,44
044_R_middle_3.bmp,44
044_R_middle_4.bmp,44
044_R_middle_5.bmp,44
044_R_middle_6.bmp,44
044_R_ring_1.bmp,44
044_R_ring_2.bmp,44
044_R_ring_3.bmp,44
044_R_ring_4.bmp,44
044_R_ring_5.bmp,44
044_R_ring_6.bmp,44
045_L_index_1.bmp,45
045_L_index_2.bmp,45
045_L_index_3.bmp,45
045_L_index_4.bmp,45
045_L_index_5.bmp,45
045_L_index_6.bmp,45
045_L_middle_1.bmp,45
045_L_middle_2.bmp,45
045_L_middle_3.bmp,45
045_L_middle_4.bmp,45
045_L_middle_5.bmp,45
045_L_middle_6.bmp,45
045_L_ring_1.bmp,45
045_L_ring_2.bmp,45
045_L_ring_3.bmp,45
045_L_ring_4.bmp,45
045_L_ring_5.bmp,45
045_L_ring_6.bmp,45
045_R_index_1.bmp,45
045_R_index_2.bmp,45
045_R_index_3.bmp,45
045_R_index_4.bmp,45
045_R_index_5.bmp,45
045_R_index_6.bmp,45
045_R_middle_1.bmp,45
045_R_middle_2.bmp,45
045_R_middle_3.bmp,45
045_R_middle_4.bmp,45
045_R_middle_5.bmp,45
045_R_middle_6.bmp,45
045_R_ring_1.bmp,45
045_R_ring_2.bmp,45
045_R_ring_3.bmp,45
045_R_ring_4.bmp,45
045_R_ring_5.bmp,45
045_R_ring_6.bmp,45
046_L_index_1.bmp,46
046_L_index_2.bmp,46
046_L_index_3.bmp,46
046_L_index_4.bmp,46
046_L_index_5.bmp,46
046_L_index_6.bmp,46
046_L_middle_1.bmp,46
046_L_middle_2.bmp,46
046_L_middle_3.bmp,46
046_L_middle_4.bmp,46
046_L_middle_5.bmp,46
046_L_middle_6.bmp,46
046_L_ring_1.bmp,46
046_L_ring_2.bmp,46
046_L_ring_3.bmp,46
046_L_ring_4.bmp,46
046_L_ring_5.bmp,46
046_L_ring_6.bmp,46
046_R_index_1.bmp,46
046_R_index_2.bmp,46
046_R_index_3.bmp,46
046_R_index_4.bmp,46
046_R_index_5.bmp,46
046_R_index_6.bmp,46
046_R_middle_1.bmp,46
046_R_middle_2.bmp,46
046_R_middle_3.bmp,46
046_R_middle_4.bmp,46
046_R_middle_5.bmp,46
046_R_middle_6.bmp,46
046_R_ring_1.bmp,46
046_R_ring_2.bmp,46
046_R_ring_3.bmp,46
046_R_ring_4.bmp,46
046_R_ring_5.bmp,46
046_R_ring_6.bmp,46
047_L_index_1.bmp,47
047_L_index_2.bmp,47
047_L_index_3.bmp,47
047_L_index_4.bmp,47
047_L_index_5.bmp,47
047_L_index_6.bmp,47
047_L_middle_1.bmp,47
047_L_middle_2.bmp,47
047_L_middle_3.bmp,47
047_L_middle_4.bmp,47
047_L_middle_5.bmp,47
047_L_middle_6.bmp,47
047_L_ring_1.bmp,47
047_L_ring_2.bmp,47
047_L_ring_3.bmp,47
047_L_ring_4.bmp,47
047_L_ring_5.bmp,47
047_L_ring_6.bmp,47
047_R_index_1.bmp,47
047_R_index_2.bmp,47
047_R_index_3.bmp,47
047_R_index_4.bmp,47
047_R_index_5.bmp,47
047_R_index_6.bmp,47
047_R_middle_1.bmp,47
047_R_middle_2.bmp,47
047_R_middle_3.bmp,47
047_R_middle_4.bmp,47
047_R_middle_5.bmp,47
047_R_middle_6.bmp,47
047_R_ring_1.bmp,47
047_R_ring_2.bmp,47
047_R_ring_3.bmp,47
047_R_ring_4.bmp,47
047_R_ring_5.bmp,47
047_R_ring_6.bmp,47
048_L_index_1.bmp,48
048_L_index_2.bmp,48
048_L_index_3.bmp,48
048_L_index_4.bmp,48
048_L_index_5.bmp,48
048_L_index_6.bmp,48
048_L_middle_1.bmp,48
048_L_middle_2.bmp,48
048_L_middle_3.bmp,48
048_L_middle_4.bmp,48
048_L_middle_5.bmp,48
048_L_middle_6.bmp,48
048_L_ring_1.bmp,48
048_L_ring_2.bmp,48
048_L_ring_3.bmp,48
048_L_ring_4.bmp,48
048_L_ring_5.bmp,48
048_L_ring_6.bmp,48
048_R_index_1.bmp,48
048_R_index_2.bmp,48
048_R_index_3.bmp,48
048_R_index_4.bmp,48
048_R_index_5.bmp,48
048_R_index_6.bmp,48
048_R_middle_1.bmp,48
048_R_middle_2.bmp,48
048_R_middle_3.bmp,48
048_R_middle_4.bmp,48
048_R_middle_5.bmp,48
048_R_middle_6.bmp,48
048_R_ring_1.bmp,48
048_R_ring_2.bmp,48
048_R_ring_3.bmp,48
048_R_ring_4.bmp,48
048_R_ring_5.bmp,48
048_R_ring_6.bmp,48
049_L_index_1.bmp,49
049_L_index_2.bmp,49
049_L_index_3.bmp,49
049_L_index_4.bmp,49
049_L_index_5.bmp,49
049_L_index_6.bmp,49
049_L_middle_1.bmp,49
049_L_middle_2.bmp,49
049_L_middle_3.bmp,49
049_L_middle_4.bmp,49
049_L_middle_5.bmp,49
049_L_middle_6.bmp,49
049_L_ring_1.bmp,49
049_L_ring_2.bmp,49
049_L_ring_3.bmp,49
049_L_ring_4.bmp,49
049_L_ring_5.bmp,49
049_L_ring_6.bmp,49
049_R_index_1.bmp,49
049_R_index_2.bmp,49
049_R_index_3.bmp,49
049_R_index_4.bmp,49
049_R_index_5.bmp,49
049_R_index_6.bmp,49
049_R_middle_1.bmp,49
049_R_middle_2.bmp,49
049_R_middle_3.bmp,49
049_R_middle_4.bmp,49
049_R_middle_5.bmp,49
049_R_middle_6.bmp,49
049_R_ring_1.bmp,49
049_R_ring_2.bmp,49
049_R_ring_3.bmp,49
049_R_ring_4.bmp,49
049_R_ring_5.bmp,49
049_R_ring_6.bmp,49
050_L_index_1.bmp,50
050_L_index_2.bmp,50
050_L_index_3.bmp,50
050_L_index_4.bmp,50
050_L_index_5.bmp,50
050_L_index_6.bmp,50
050_L_middle_1.bmp,50
050_L_middle_2.bmp,50
050_L_middle_3.bmp,50
050_L_middle_4.bmp,50
050_L_middle_5.bmp,50
050_L_middle_6.bmp,50
050_L_ring_1.bmp,50
050_L_ring_2.bmp,50
050_L_ring_3.bmp,50
050_L_ring_4.bmp,50
050_L_ring_5.bmp,50
050_L_ring_6.bmp,50
050_R_index_1.bmp,50
050_R_index_2.bmp,50
050_R_index_3.bmp,50
050_R_index_4.bmp,50
050_R_index_5.bmp,50
050_R_index_6.bmp,50
050_R_middle_1.bmp,50
050_R_middle_2.bmp,50
050_R_middle_3.bmp,50
050_R_middle_4.bmp,50
050_R_middle_5.bmp,50
050_R_middle_6.bmp,50
050_R_ring_1.bmp,50
050_R_ring_2.bmp,50
050_R_ring_3.bmp,50
050_R_ring_4.bmp,50
050_R_ring_5.bmp,50
050_R_ring_6.bmp,50
051_L_index_1.bmp,51
051_L_index_2.bmp,51
051_L_index_3.bmp,51
051_L_index_4.bmp,51
051_L_index_5.bmp,51
051_L_index_6.bmp,51
051_L_middle_1.bmp,51
051_L_middle_2.bmp,51
051_L_middle_3.bmp,51
051_L_middle_4.bmp,51
051_L_middle_5.bmp,51
051_L_middle_6.bmp,51
051_L_ring_1.bmp,51
051_L_ring_2.bmp,51
051_L_ring_3.bmp,51
051_L_ring_4.bmp,51
051_L_ring_5.bmp,51
051_L_ring_6.bmp,51
051_R_index_1.bmp,51
051_R_index_2.bmp,51
051_R_index_3.bmp,51
051_R_index_4.bmp,51
051_R_index_5.bmp,51
051_R_index_6.bmp,51
051_R_middle_1.bmp,51
051_R_middle_2.bmp,51
051_R_middle_3.bmp,51
051_R_middle_4.bmp,51
051_R_middle_5.bmp,51
051_R_middle_6.bmp,51
051_R_ring_1.bmp,51
051_R_ring_2.bmp,51
051_R_ring_3.bmp,51
051_R_ring_4.bmp,51
051_R_ring_5.bmp,51
051_R_ring_6.bmp,51
052_L_index_1.bmp,52
052_L_index_2.bmp,52
052_L_index_3.bmp,52
052_L_index_4.bmp,52
052_L_index_5.bmp,52
052_L_index_6.bmp,52
052_L_middle_1.bmp,52
052_L_middle_2.bmp,52
052_L_middle_3.bmp,52
052_L_middle_4.bmp,52
052_L_middle_5.bmp,52
052_L_middle_6.bmp,52
052_L_ring_1.bmp,52
052_L_ring_2.bmp,52
052_L_ring_3.bmp,52
052_L_ring_4.bmp,52
052_L_ring_5.bmp,52
052_L_ring_6.bmp,52
052_R_index_1.bmp,52
052_R_index_2.bmp,52
052_R_index_3.bmp,52
052_R_index_4.bmp,52
052_R_index_5.bmp,52
052_R_index_6.bmp,52
052_R_middle_1.bmp,52
052_R_middle_2.bmp,52
052_R_middle_3.bmp,52
052_R_middle_4.bmp,52
052_R_middle_5.bmp,52
052_R_middle_6.bmp,52
052_R_ring_1.bmp,52
052_R_ring_2.bmp,52
052_R_ring_3.bmp,52
052_R_ring_4.bmp,52
052_R_ring_5.bmp,52
052_R_ring_6.bmp,52
053_L_index_1.bmp,53
053_L_index_2.bmp,53
053_L_index_3.bmp,53
053_L_index_4.bmp,53
053_L_index_5.bmp,53
053_L_index_6.bmp,53
053_L_middle_1.bmp,53
053_L_middle_2.bmp,53
053_L_middle_3.bmp,53
053_L_middle_4.bmp,53
053_L_middle_5.bmp,53
053_L_middle_6.bmp,53
053_L_ring_1.bmp,53
053_L_ring_2.bmp,53
053_L_ring_3.bmp,53
053_L_ring_4.bmp,53
053_L_ring_5.bmp,53
053_L_ring_6.bmp,53
053_R_index_1.bmp,53
053_R_index_2.bmp,53
053_R_index_3.bmp,53
053_R_index_4.bmp,53
053_R_index_5.bmp,53
053_R_index_6.bmp,53
053_R_middle_1.bmp,53
053_R_middle_2.bmp,53
053_R_middle_3.bmp,53
053_R_middle_4.bmp,53
053_R_middle_5.bmp,53
053_R_middle_6.bmp,53
053_R_ring_1.bmp,53
053_R_ring_2.bmp,53
053_R_ring_3.bmp,53
053_R_ring_4.bmp,53
053_R_ring_5.bmp,53
053_R_ring_6.bmp,53
054_L_index_1.bmp,54
054_L_index_2.bmp,54
054_L_index_3.bmp,54
054_L_index_4.bmp,54
054_L_index_5.bmp,54
054_L_index_6.bmp,54
054_L_middle_1.bmp,54
054_L_middle_2.bmp,54
054_L_middle_3.bmp,54
054_L_middle_4.bmp,54
054_L_middle_5.bmp,54
054_L_middle_6.bmp,54
054_L_ring_1.bmp,54
054_L_ring_2.bmp,54
054_L_ring_3.bmp,54
054_L_ring_4.bmp,54
054_L_ring_5.bmp,54
054_L_ring_6.bmp,54
054_R_index_1.bmp,54
054_R_index_2.bmp,54
054_R_index_3.bmp,54
054_R_index_4.bmp,54
054_R_index_5.bmp,54
054_R_index_6.bmp,54
054_R_middle_1.bmp,54
054_R_middle_2.bmp,54
054_R_middle_3.bmp,54
054_R_middle_4.bmp,54
054_R_middle_5.bmp,54
054_R_middle_6.bmp,54
054_R_ring_1.bmp,54
054_R_ring_2.bmp,54
054_R_ring_3.bmp,54
054_R_ring_4.bmp,54
054_R_ring_5.bmp,54
054_R_ring_6.bmp,54
055_L_index_1.bmp,55
055_L_index_2.bmp,55
055_L_index_3.bmp,55
055_L_index_4.bmp,55
055_L_index_5.bmp,55
055_L_index_6.bmp,55
055_L_middle_1.bmp,55
055_L_middle_2.bmp,55
055_L_middle_3.bmp,55
055_L_middle_4.bmp,55
055_L_middle_5.bmp,55
055_L_middle_6.bmp,55
055_L_ring_1.bmp,55
055_L_ring_2.bmp,55
055_L_ring_3.bmp,55
055_L_ring_4.bmp,55
055_L_ring_5.bmp,55
055_L_ring_6.bmp,55
055_R_index_1.bmp,55
055_R_index_2.bmp,55
055_R_index_3.bmp,55
055_R_index_4.bmp,55
055_R_index_5.bmp,55
055_R_index_6.bmp,55
055_R_middle_1.bmp,55
055_R_middle_2.bmp,55
055_R_middle_3.bmp,55
055_R_middle_4.bmp,55
055_R_middle_5.bmp,55
055_R_middle_6.bmp,55
055_R_ring_1.bmp,55
055_R_ring_2.bmp,55
055_R_ring_3.bmp,55
055_R_ring_4.bmp,55
055_R_ring_5.bmp,55
055_R_ring_6.bmp,55
056_L_index_1.bmp,56
056_L_index_2.bmp,56
056_L_index_3.bmp,56
056_L_index_4.bmp,56
056_L_index_5.bmp,56
056_L_index_6.bmp,56
056_L_middle_1.bmp,56
056_L_middle_2.bmp,56
056_L_middle_3.bmp,56
056_L_middle_4.bmp,56
056_L_middle_5.bmp,56
056_L_middle_6.bmp,56
056_L_ring_1.bmp,56
056_L_ring_2.bmp,56
056_L_ring_3.bmp,56
056_L_ring_4.bmp,56
056_L_ring_5.bmp,56
056_L_ring_6.bmp,56
056_R_index_1.bmp,56
056_R_index_2.bmp,56
056_R_index_3.bmp,56
056_R_index_4.bmp,56
056_R_index_5.bmp,56
056_R_index_6.bmp,56
056_R_middle_1.bmp,56
056_R_middle_2.bmp,56
056_R_middle_3.bmp,56
056_R_middle_4.bmp,56
056_R_middle_5.bmp,56
056_R_middle_6.bmp,56
056_R_ring_1.bmp,56
056_R_ring_2.bmp,56
056_R_ring_3.bmp,56
056_R_ring_4.bmp,56
056_R_ring_5.bmp,56
056_R_ring_6.bmp,56
057_L_index_1.bmp,57
057_L_index_2.bmp,57
057_L_index_3.bmp,57
057_L_index_4.bmp,57
057_L_index_5.bmp,57
057_L_index_6.bmp,57
057_L_middle_1.bmp,57
057_L_middle_2.bmp,57
057_L_middle_3.bmp,57
057_L_middle_4.bmp,57
057_L_middle_5.bmp,57
057_L_middle_6.bmp,57
057_L_ring_1.bmp,57
057_L_ring_2.bmp,57
057_L_ring_3.bmp,57
057_L_ring_4.bmp,57
057_L_ring_5.bmp,57
057_L_ring_6.bmp,57
057_R_index_1.bmp,57
057_R_index_2.bmp,57
057_R_index_3.bmp,57
057_R_index_4.bmp,57
057_R_index_5.bmp,57
057_R_index_6.bmp,57
057_R_middle_1.bmp,57
057_R_middle_2.bmp,57
057_R_middle_3.bmp,57
057_R_middle_4.bmp,57
057_R_middle_5.bmp,57
057_R_middle_6.bmp,57
057_R_ring_1.bmp,57
057_R_ring_2.bmp,57
057_R_ring_3.bmp,57
057_R_ring_4.bmp,57
057_R_ring_5.bmp,57
057_R_ring_6.bmp,57
058_L_index_1.bmp,58
058_L_index_2.bmp,58
058_L_index_3.bmp,58
058_L_index_4.bmp,58
058_L_index_5.bmp,58
058_L_index_6.bmp,58
058_L_middle_1.bmp,58
058_L_middle_2.bmp,58
058_L_middle_3.bmp,58
058_L_middle_4.bmp,58
058_L_middle_5.bmp,58
058_L_middle_6.bmp,58
058_L_ring_1.bmp,58
058_L_ring_2.bmp,58
058_L_ring_3.bmp,58
058_L_ring_4.bmp,58
058_L_ring_5.bmp,58
058_L_ring_6.bmp,58
058_R_index_1.bmp,58
058_R_index_2.bmp,58
058_R_index_3.bmp,58
058_R_index_4.bmp,58
058_R_index_5.bmp,58
058_R_index_6.bmp,58
058_R_middle_1.bmp,58
058_R_middle_2.bmp,58
058_R_middle_3.bmp,58
058_R_middle_4.bmp,58
058_R_middle_5.bmp,58
058_R_middle_6.bmp,58
058_R_ring_1.bmp,58
058_R_ring_2.bmp,58
058_R_ring_3.bmp,58
058_R_ring_4.bmp,58
058_R_ring_5.bmp,58
058_R_ring_6.bmp,58
059_L_index_1.bmp,59
059_L_index_2.bmp,59
059_L_index_3.bmp,59
059_L_index_4.bmp,59
059_L_index_5.bmp,59
059_L_index_6.bmp,59
059_L_middle_1.bmp,59
059_L_middle_2.bmp,59
059_L_middle_3.bmp,59
059_L_middle_4.bmp,59
059_L_middle_5.bmp,59
059_L_middle_6.bmp,59
059_L_ring_1.bmp,59
059_L_ring_2.bmp,59
059_L_ring_3.bmp,59
059_L_ring_4.bmp,59
059_L_ring_5.bmp,59
059_L_ring_6.bmp,59
059_R_index_1.bmp,59
059_R_index_2.bmp,59
059_R_index_3.bmp,59
059_R_index_4.bmp,59
059_R_index_5.bmp,59
059_R_index_6.bmp,59
059_R_middle_1.bmp,59
059_R_middle_2.bmp,59
059_R_middle_3.bmp,59
059_R_middle_4.bmp,59
059_R_middle_5.bmp,59
059_R_middle_6.bmp,59
059_R_ring_1.bmp,59
059_R_ring_2.bmp,59
059_R_ring_3.bmp,59
059_R_ring_4.bmp,59
059_R_ring_5.bmp,59
059_R_ring_6.bmp,59
060_L_index_1.bmp,60
060_L_index_2.bmp,60
060_L_index_3.bmp,60
060_L_index_4.bmp,60
060_L_index_5.bmp,60
060_L_index_6.bmp,60
060_L_middle_1.bmp,60
060_L_middle_2.bmp,60
060_L_middle_3.bmp,60
060_L_middle_4.bmp,60
060_L_middle_5.bmp,60
060_L_middle_6.bmp,60
060_L_ring_1.bmp,60
060_L_ring_2.bmp,60
060_L_ring_3.bmp,60
060_L_ring_4.bmp,60
060_L_ring_5.bmp,60
060_L_ring_6.bmp,60
060_R_index_1.bmp,60
060_R_index_2.bmp,60
060_R_index_3.bmp,60
060_R_index_4.bmp,60
060_R_index_5.bmp,60
060_R_index_6.bmp,60
060_R_middle_1.bmp,60
060_R_middle_2.bmp,60
060_R_middle_3.bmp,60
060_R_middle_4.bmp,60
060_R_middle_5.bmp,60
060_R_middle_6.bmp,60
060_R_ring_1.bmp,60
060_R_ring_2.bmp,60
060_R_ring_3.bmp,60
060_R_ring_4.bmp,60
060_R_ring_5.bmp,60
060_R_ring_6.bmp,60
061_L_index_1.bmp,61
061_L_index_2.bmp,61
061_L_index_3.bmp,61
061_L_index_4.bmp,61
061_L_index_5.bmp,61
061_L_index_6.bmp,61
061_L_middle_1.bmp,61
061_L_middle_2.bmp,61
061_L_middle_3.bmp,61
061_L_middle_4.bmp,61
061_L_middle_5.bmp,61
061_L_middle_6.bmp,61
061_L_ring_1.bmp,61
061_L_ring_2.bmp,61
061_L_ring_3.bmp,61
061_L_ring_4.bmp,61
061_L_ring_5.bmp,61
061_L_ring_6.bmp,61
061_R_index_1.bmp,61
061_R_index_2.bmp,61
061_R_index_3.bmp,61
061_R_index_4.bmp,61
061_R_index_5.bmp,61
061_R_index_6.bmp,61
061_R_middle_1.bmp,61
061_R_middle_2.bmp,61
061_R_middle_3.bmp,61
061_R_middle_4.bmp,61
061_R_middle_5.bmp,61
061_R_middle_6.bmp,61
061_R_ring_1.bmp,61
061_R_ring_2.bmp,61
061_R_ring_3.bmp,61
061_R_ring_4.bmp,61
061_R_ring_5.bmp,61
061_R_ring_6.bmp,61
062_L_index_1.bmp,62
062_L_index_2.bmp,62
062_L_index_3.bmp,62
062_L_index_4.bmp,62
062_L_index_5.bmp,62
062_L_index_6.bmp,62
062_L_middle_1.bmp,62
062_L_middle_2.bmp,62
062_L_middle_3.bmp,62
062_L_middle_4.bmp,62
062_L_middle_5.bmp,62
062_L_middle_6.bmp,62
062_L_ring_1.bmp,62
062_L_ring_2.bmp,62
062_L_ring_3.bmp,62
062_L_ring_4.bmp,62
062_L_ring_5.bmp,62
062_L_ring_6.bmp,62
062_R_index_1.bmp,62
062_R_index_2.bmp,62
062_R_index_3.bmp,62
062_R_index_4.bmp,62
062_R_index_5.bmp,62
062_R_index_6.bmp,62
062_R_middle_1.bmp,62
062_R_middle_2.bmp,62
062_R_middle_3.bmp,62
062_R_middle_4.bmp,62
062_R_middle_5.bmp,62
062_R_middle_6.bmp,62
062_R_ring_1.bmp,62
062_R_ring_2.bmp,62
062_R_ring_3.bmp,62
062_R_ring_4.bmp,62
062_R_ring_5.bmp,62
062_R_ring_6.bmp,62
063_L_index_1.bmp,63
063_L_index_2.bmp,63
063_L_index_3.bmp,63
063_L_index_4.bmp,63
063_L_index_5.bmp,63
063_L_index_6.bmp,63
063_L_middle_1.bmp,63
063_L_middle_2.bmp,63
063_L_middle_3.bmp,63
063_L_middle_4.bmp,63
063_L_middle_5.bmp,63
063_L_middle_6.bmp,63
063_L_ring_1.bmp,63
063_L_ring_2.bmp,63
063_L_ring_3.bmp,63
063_L_ring_4.bmp,63
063_L_ring_5.bmp,63
063_L_ring_6.bmp,63
063_R_index_1.bmp,63
063_R_index_2.bmp,63
063_R_index_3.bmp,63
063_R_index_4.bmp,63
063_R_index_5.bmp,63
063_R_index_6.bmp,63
063_R_middle_1.bmp,63
063_R_middle_2.bmp,63
063_R_middle_3.bmp,63
063_R_middle_4.bmp,63
063_R_middle_5.bmp,63
063_R_middle_6.bmp,63
063_R_ring_1.bmp,63
063_R_ring_2.bmp,63
063_R_ring_3.bmp,63
063_R_ring_4.bmp,63
063_R_ring_5.bmp,63
063_R_ring_6.bmp,63
064_L_index_1.bmp,64
064_L_index_2.bmp,64
064_L_index_3.bmp,64
064_L_index_4.bmp,64
064_L_index_5.bmp,64
064_L_index_6.bmp,64
064_L_middle_1.bmp,64
064_L_middle_2.bmp,64
064_L_middle_3.bmp,64
064_L_middle_4.bmp,64
064_L_middle_5.bmp,64
064_L_middle_6.bmp,64
064_L_ring_1.bmp,64
064_L_ring_2.bmp,64
064_L_ring_3.bmp,64
064_L_ring_4.bmp,64
064_L_ring_5.bmp,64
064_L_ring_6.bmp,64
064_R_index_1.bmp,64
064_R_index_2.bmp,64
064_R_index_3.bmp,64
064_R_index_4.bmp,64
064_R_index_5.bmp,64
064_R_index_6.bmp,64
064_R_middle_1.bmp,64
064_R_middle_2.bmp,64
064_R_middle_3.bmp,64
064_R_middle_4.bmp,64
064_R_middle_5.bmp,64
064_R_middle_6.bmp,64
064_R_ring_1.bmp,64
064_R_ring_2.bmp,64
064_R_ring_3.bmp,64
064_R_ring_4.bmp,64
064_R_ring_5.bmp,64
064_R_ring_6.bmp,64
065_L_index_1.bmp,65
065_L_index_2.bmp,65
065_L_index_3.bmp,65
065_L_index_4.bmp,65
065_L_index_5.bmp,65
065_L_index_6.bmp,65
065_L_middle_1.bmp,65
065_L_middle_2.bmp,65
065_L_middle_3.bmp,65
065_L_middle_4.bmp,65
065_L_middle_5.bmp,65
065_L_middle_6.bmp,65
065_L_ring_1.bmp,65
065_L_ring_2.bmp,65
065_L_ring_3.bmp,65
065_L_ring_4.bmp,65
065_L_ring_5.bmp,65
065_L_ring_6.bmp,65
065_R_index_1.bmp,65
065_R_index_2.bmp,65
065_R_index_3.bmp,65
065_R_index_4.bmp,65
065_R_index_5.bmp,65
065_R_index_6.bmp,65
065_R_middle_1.bmp,65
065_R_middle_2.bmp,65
065_R_middle_3.bmp,65
065_R_middle_4.bmp,65
065_R_middle_5.bmp,65
065_R_middle_6.bmp,65
065_R_ring_1.bmp,65
065_R_ring_2.bmp,65
065_R_ring_3.bmp,65
065_R_ring_4.bmp,65
065_R_ring_5.bmp,65
065_R_ring_6.bmp,65
066_L_index_1.bmp,66
066_L_index_2.bmp,66
066_L_index_3.bmp,66
066_L_index_4.bmp,66
066_L_index_5.bmp,66
066_L_index_6.bmp,66
066_L_middle_1.bmp,66
066_L_middle_2.bmp,66
066_L_middle_3.bmp,66
066_L_middle_4.bmp,66
066_L_middle_5.bmp,66
066_L_middle_6.bmp,66
066_L_ring_1.bmp,66
066_L_ring_2.bmp,66
066_L_ring_3.bmp,66
066_L_ring_4.bmp,66
066_L_ring_5.bmp,66
066_L_ring_6.bmp,66
066_R_index_1.bmp,66
066_R_index_2.bmp,66
066_R_index_3.bmp,66
066_R_index_4.bmp,66
066_R_index_5.bmp,66
066_R_index_6.bmp,66
066_R_middle_1.bmp,66
066_R_middle_2.bmp,66
066_R_middle_3.bmp,66
066_R_middle_4.bmp,66
066_R_middle_5.bmp,66
066_R_middle_6.bmp,66
066_R_ring_1.bmp,66
066_R_ring_2.bmp,66
066_R_ring_3.bmp,66
066_R_ring_4.bmp,66
066_R_ring_5.bmp,66
066_R_ring_6.bmp,66
067_L_index_1.bmp,67
067_L_index_2.bmp,67
067_L_index_3.bmp,67
067_L_index_4.bmp,67
067_L_index_5.bmp,67
067_L_index_6.bmp,67
067_L_middle_1.bmp,67
067_L_middle_2.bmp,67
067_L_middle_3.bmp,67
067_L_middle_4.bmp,67
067_L_middle_5.bmp,67
067_L_middle_6.bmp,67
067_L_ring_1.bmp,67
067_L_ring_2.bmp,67
067_L_ring_3.bmp,67
067_L_ring_4.bmp,67
067_L_ring_5.bmp,67
067_L_ring_6.bmp,67
067_R_index_1.bmp,67
067_R_index_2.bmp,67
067_R_index_3.bmp,67
067_R_index_4.bmp,67
067_R_index_5.bmp,67
067_R_index_6.bmp,67
067_R_middle_1.bmp,67
067_R_middle_2.bmp,67
067_R_middle_3.bmp,67
067_R_middle_4.bmp,67
067_R_middle_5.bmp,67
067_R_middle_6.bmp,67
067_R_ring_1.bmp,67
067_R_ring_2.bmp,67
067_R_ring_3.bmp,67
067_R_ring_4.bmp,67
067_R_ring_5.bmp,67
067_R_ring_6.bmp,67
068_L_index_1.bmp,68
068_L_index_2.bmp,68
068_L_index_3.bmp,68
068_L_index_4.bmp,68
068_L_index_5.bmp,68
068_L_index_6.bmp,68
068_L_middle_1.bmp,68
068_L_middle_2.bmp,68
068_L_middle_3.bmp,68
068_L_middle_4.bmp,68
068_L_middle_5.bmp,68
068_L_middle_6.bmp,68
068_L_ring_1.bmp,68
068_L_ring_2.bmp,68
068_L_ring_3.bmp,68
068_L_ring_4.bmp,68
068_L_ring_5.bmp,68
068_L_ring_6.bmp,68
068_R_index_1.bmp,68
068_R_index_2.bmp,68
068_R_index_3.bmp,68
068_R_index_4.bmp,68
068_R_index_5.bmp,68
068_R_index_6.bmp,68
068_R_middle_1.bmp,68
068_R_middle_2.bmp,68
068_R_middle_3.bmp,68
068_R_middle_4.bmp,68
068_R_middle_5.bmp,68
068_R_middle_6.bmp,68
068_R_ring_1.bmp,68
068_R_ring_2.bmp,68
068_R_ring_3.bmp,68
068_R_ring_4.bmp,68
068_R_ring_5.bmp,68
068_R_ring_6.bmp,68
069_L_index_1.bmp,69
069_L_index_2.bmp,69
069_L_index_3.bmp,69
069_L_index_4.bmp,69
069_L_index_5.bmp,69
069_L_index_6.bmp,69
069_L_middle_1.bmp,69
069_L_middle_2.bmp,69
069_L_middle_3.bmp,69
069_L_middle_4.bmp,69
069_L_middle_5.bmp,69
069_L_middle_6.bmp,69
069_L_ring_1.bmp,69
069_L_ring_2.bmp,69
069_L_ring_3.bmp,69
069_L_ring_4.bmp,69
069_L_ring_5.bmp,69
069_L_ring_6.bmp,69
069_R_index_1.bmp,69
069_R_index_2.bmp,69
069_R_index_3.bmp,69
069_R_index_4.bmp,69
069_R_index_5.bmp,69
069_R_index_6.bmp,69
069_R_middle_1.bmp,69
069_R_middle_2.bmp,69
069_R_middle_3.bmp,69
069_R_middle_4.bmp,69
069_R_middle_5.bmp,69
069_R_middle_6.bmp,69
069_R_ring_1.bmp,69
069_R_ring_2.bmp,69
069_R_ring_3.bmp,69
069_R_ring_4.bmp,69
069_R_ring_5.bmp,69
069_R_ring_6.bmp,69
070_L_index_1.bmp,70
070_L_index_2.bmp,70
070_L_index_3.bmp,70
070_L_index_4.bmp,70
070_L_index_5.bmp,70
070_L_index_6.bmp,70
070_L_middle_1.bmp,70
070_L_middle_2.bmp,70
070_L_middle_3.bmp,70
070_L_middle_4.bmp,70
070_L_middle_5.bmp,70
070_L_middle_6.bmp,70
070_L_ring_1.bmp,70
070_L_ring_2.bmp,70
070_L_ring_3.bmp,70
070_L_ring_4.bmp,70
070_L_ring_5.bmp,70
070_L_ring_6.bmp,70
070_R_index_1.bmp,70
070_R_index_2.bmp,70
070_R_index_3.bmp,70
070_R_index_4.bmp,70
070_R_index_5.bmp,70
070_R_index_6.bmp,70
070_R_middle_1.bmp,70
070_R_middle_2.bmp,70
070_R_middle_3.bmp,70
070_R_middle_4.bmp,70
070_R_middle_5.bmp,70
070_R_middle_6.bmp,70
070_R_ring_1.bmp,70
070_R_ring_2.bmp,70
070_R_ring_3.bmp,70
070_R_ring_4.bmp,70
070_R_ring_5.bmp,70
070_R_ring_6.bmp,70
071_L_index_1.bmp,71
071_L_index_2.bmp,71
071_L_index_3.bmp,71
071_L_index_4.bmp,71
071_L_index_5.bmp,71
071_L_index_6.bmp,71
071_L_middle_1.bmp,71
071_L_middle_2.bmp,71
071_L_middle_3.bmp,71
071_L_middle_4.bmp,71
071_L_middle_5.bmp,71
071_L_middle_6.bmp,71
071_L_ring_1.bmp,71
071_L_ring_2.bmp,71
071_L_ring_3.bmp,71
071_L_ring_4.bmp,71
071_L_ring_5.bmp,71
071_L_ring_6.bmp,71
071_R_index_1.bmp,71
071_R_index_2.bmp,71
071_R_index_3.bmp,71
071_R_index_4.bmp,71
071_R_index_5.bmp,71
071_R_index_6.bmp,71
071_R_middle_1.bmp,71
071_R_middle_2.bmp,71
071_R_middle_3.bmp,71
071_R_middle_4.bmp,71
071_R_middle_5.bmp,71
071_R_middle_6.bmp,71
071_R_ring_1.bmp,71
071_R_ring_2.bmp,71
071_R_ring_3.bmp,71
071_R_ring_4.bmp,71
071_R_ring_5.bmp,71
071_R_ring_6.bmp,71
072_L_index_1.bmp,72
072_L_index_2.bmp,72
072_L_index_3.bmp,72
072_L_index_4.bmp,72
072_L_index_5.bmp,72
072_L_index_6.bmp,72
072_L_middle_1.bmp,72
072_L_middle_2.bmp,72
072_L_middle_3.bmp,72
072_L_middle_4.bmp,72
072_L_middle_5.bmp,72
072_L_middle_6.bmp,72
072_L_ring_1.bmp,72
072_L_ring_2.bmp,72
072_L_ring_3.bmp,72
072_L_ring_4.bmp,72
072_L_ring_5.bmp,72
072_L_ring_6.bmp,72
072_R_index_1.bmp,72
072_R_index_2.bmp,72
072_R_index_3.bmp,72
072_R_index_4.bmp,72
072_R_index_5.bmp,72
072_R_index_6.bmp,72
072_R_middle_1.bmp,72
072_R_middle_2.bmp,72
072_R_middle_3.bmp,72
072_R_middle_4.bmp,72
072_R_middle_5.bmp,72
072_R_middle_6.bmp,72
072_R_ring_1.bmp,72
072_R_ring_2.bmp,72
072_R_ring_3.bmp,72
072_R_ring_4.bmp,72
072_R_ring_5.bmp,72
072_R_ring_6.bmp,72
073_L_index_1.bmp,73
073_L_index_2.bmp,73
073_L_index_3.bmp,73
073_L_index_4.bmp,73
073_L_index_5.bmp,73
073_L_index_6.bmp,73
073_L_middle_1.bmp,73
073_L_middle_2.bmp,73
073_L_middle_3.bmp,73
073_L_middle_4.bmp,73
073_L_middle_5.bmp,73
073_L_middle_6.bmp,73
073_L_ring_1.bmp,73
073_L_ring_2.bmp,73
073_L_ring_3.bmp,73
073_L_ring_4.bmp,73
073_L_ring_5.bmp,73
073_L_ring_6.bmp,73
073_R_index_1.bmp,73
073_R_index_2.bmp,73
073_R_index_3.bmp,73
073_R_index_4.bmp,73
073_R_index_5.bmp,73
073_R_index_6.bmp,73
073_R_middle_1.bmp,73
073_R_middle_2.bmp,73
073_R_middle_3.bmp,73
073_R_middle_4.bmp,73
073_R_middle_5.bmp,73
073_R_middle_6.bmp,73
073_R_ring_1.bmp,73
073_R_ring_2.bmp,73
073_R_ring_3.bmp,73
073_R_ring_4.bmp,73
073_R_ring_5.bmp,73
073_R_ring_6.bmp,73
074_L_index_1.bmp,74
074_L_index_2.bmp,74
074_L_index_3.bmp,74
074_L_index_4.bmp,74
074_L_index_5.bmp,74
074_L_index_6.bmp,74
074_L_middle_1.bmp,74
074_L_middle_2.bmp,74
074_L_middle_3.bmp,74
074_L_middle_4.bmp,74
074_L_middle_5.bmp,74
074_L_middle_6.bmp,74
074_L_ring_1.bmp,74
074_L_ring_2.bmp,74
074_L_ring_3.bmp,74
074_L_ring_4.bmp,74
074_L_ring_5.bmp,74
074_L_ring_6.bmp,74
074_R_index_1.bmp,74
074_R_index_2.bmp,74
074_R_index_3.bmp,74
074_R_index_4.bmp,74
074_R_index_5.bmp,74
074_R_index_6.bmp,74
074_R_middle_1.bmp,74
074_R_middle_2.bmp,74
074_R_middle_3.bmp,74
074_R_middle_4.bmp,74
074_R_middle_5.bmp,74
074_R_middle_6.bmp,74
074_R_ring_1.bmp,74
074_R_ring_2.bmp,74
074_R_ring_3.bmp,74
074_R_ring_4.bmp,74
074_R_ring_5.bmp,74
074_R_ring_6.bmp,74
075_L_index_1.bmp,75
075_L_index_2.bmp,75
075_L_index_3.bmp,75
075_L_index_4.bmp,75
075_L_index_5.bmp,75
075_L_index_6.bmp,75
075_L_middle_1.bmp,75
075_L_middle_2.bmp,75
075_L_middle_3.bmp,75
075_L_middle_4.bmp,75
075_L_middle_5.bmp,75
075_L_middle_6.bmp,75
075_L_ring_1.bmp,75
075_L_ring_2.bmp,75
075_L_ring_3.bmp,75
075_L_ring_4.bmp,75
075_L_ring_5.bmp,75
075_L_ring_6.bmp,75
075_R_index_1.bmp,75
075_R_index_2.bmp,75
075_R_index_3.bmp,75
075_R_index_4.bmp,75
075_R_index_5.bmp,75
075_R_index_6.bmp,75
075_R_middle_1.bmp,75
075_R_middle_2.bmp,75
075_R_middle_3.bmp,75
075_R_middle_4.bmp,75
075_R_middle_5.bmp,75
075_R_middle_6.bmp,75
075_R_ring_1.bmp,75
075_R_ring_2.bmp,75
075_R_ring_3.bmp,75
075_R_ring_4.bmp,75
075_R_ring_5.bmp,75
075_R_ring_6.bmp,75
076_L_index_1.bmp,76
076_L_index_2.bmp,76
076_L_index_3.bmp,76
076_L_index_4.bmp,76
076_L_index_5.bmp,76
076_L_index_6.bmp,76
076_L_middle_1.bmp,76
076_L_middle_2.bmp,76
076_L_middle_3.bmp,76
076_L_middle_4.bmp,76
076_L_middle_5.bmp,76
076_L_middle_6.bmp,76
076_L_ring_1.bmp,76
076_L_ring_2.bmp,76
076_L_ring_3.bmp,76
076_L_ring_4.bmp,76
076_L_ring_5.bmp,76
076_L_ring_6.bmp,76
076_R_index_1.bmp,76
076_R_index_2.bmp,76
076_R_index_3.bmp,76
076_R_index_4.bmp,76
076_R_index_5.bmp,76
076_R_index_6.bmp,76
076_R_middle_1.bmp,76
076_R_middle_2.bmp,76
076_R_middle_3.bmp,76
076_R_middle_4.bmp,76
076_R_middle_5.bmp,76
076_R_middle_6.bmp,76
076_R_ring_1.bmp,76
076_R_ring_2.bmp,76
076_R_ring_3.bmp,76
076_R_ring_4.bmp,76
076_R_ring_5.bmp,76
076_R_ring_6.bmp,76
077_L_index_1.bmp,77
077_L_index_2.bmp,77
077_L_index_3.bmp,77
077_L_index_4.bmp,77
077_L_index_5.bmp,77
077_L_index_6.bmp,77
077_L_middle_1.bmp,77
077_L_middle_2.bmp,77
077_L_middle_3.bmp,77
077_L_middle_4.bmp,77
077_L_middle_5.bmp,77
077_L_middle_6.bmp,77
077_L_ring_1.bmp,77
077_L_ring_2.bmp,77
077_L_ring_3.bmp,77
077_L_ring_4.bmp,77
077_L_ring_5.bmp,77
077_L_ring_6.bmp,77
077_R_index_1.bmp,77
077_R_index_2.bmp,77
077_R_index_3.bmp,77
077_R_index_4.bmp,77
077_R_index_5.bmp,77
077_R_index_6.bmp,77
077_R_middle_1.bmp,77
077_R_middle_2.bmp,77
077_R_middle_3.bmp,77
077_R_middle_4.bmp,77
077_R_middle_5.bmp,77
077_R_middle_6.bmp,77
077_R_ring_1.bmp,77
077_R_ring_2.bmp,77
077_R_ring_3.bmp,77
077_R_ring_4.bmp,77
077_R_ring_5.bmp,77
077_R_ring_6.bmp,77
078_L_index_1.bmp,78
078_L_index_2.bmp,78
078_L_index_3.bmp,78
078_L_index_4.bmp,78
078_L_index_5.bmp,78
078_L_index_6.bmp,78
078_L_middle_1.bmp,78
078_L_middle_2.bmp,78
078_L_middle_3.bmp,78
078_L_middle_4.bmp,78
078_L_middle_5.bmp,78
078_L_middle_6.bmp,78
078_L_ring_1.bmp,78
078_L_ring_2.bmp,78
078_L_ring_3.bmp,78
078_L_ring_4.bmp,78
078_L_ring_5.bmp,78
078_L_ring_6.bmp,78
078_R_index_1.bmp,78
078_R_index_2.bmp,78
078_R_index_3.bmp,78
078_R_index_4.bmp,78
078_R_index_5.bmp,78
078_R_index_6.bmp,78
078_R_middle_1.bmp,78
078_R_middle_2.bmp,78
078_R_middle_3.bmp,78
078_R_middle_4.bmp,78
078_R_middle_5.bmp,78
078_R_middle_6.bmp,78
078_R_ring_1.bmp,78
078_R_ring_2.bmp,78
078_R_ring_3.bmp,78
078_R_ring_4.bmp,78
078_R_ring_5.bmp,78
078_R_ring_6.bmp,78
079_L_index_1.bmp,79
079_L_index_2.bmp,79
079_L_index_3.bmp,79
079_L_index_4.bmp,79
079_L_index_5.bmp,79
079_L_index_6.bmp,79
079_L_middle_1.bmp,79
079_L_middle_2.bmp,79
079_L_middle_3.bmp,79
079_L_middle_4.bmp,79
079_L_middle_5.bmp,79
079_L_middle_6.bmp,79
079_L_ring_1.bmp,79
079_L_ring_2.bmp,79
079_L_ring_3.bmp,79
079_L_ring_4.bmp,79
079_L_ring_5.bmp,79
079_L_ring_6.bmp,79
079_R_index_1.bmp,79
079_R_index_2.bmp,79
079_R_index_3.bmp,79
079_R_index_4.bmp,79
079_R_index_5.bmp,79
079_R_index_6.bmp,79
079_R_middle_1.bmp,79
079_R_middle_2.bmp,79
079_R_middle_3.bmp,79
079_R_middle_4.bmp,79
079_R_middle_5.bmp,79
079_R_middle_6.bmp,79
079_R_ring_1.bmp,79
079_R_ring_2.bmp,79
079_R_ring_3.bmp,79
079_R_ring_4.bmp,79
079_R_ring_5.bmp,79
079_R_ring_6.bmp,79
080_L_index_1.bmp,80
080_L_index_2.bmp,80
080_L_index_3.bmp,80
080_L_index_4.bmp,80
080_L_index_5.bmp,80
080_L_index_6.bmp,80
080_L_middle_1.bmp,80
080_L_middle_2.bmp,80
080_L_middle_3.bmp,80
080_L_middle_4.bmp,80
080_L_middle_5.bmp,80
080_L_middle_6.bmp,80
080_L_ring_1.bmp,80
080_L_ring_2.bmp,80
080_L_ring_3.bmp,80
080_L_ring_4.bmp,80
080_L_ring_5.bmp,80
080_L_ring_6.bmp,80
080_R_index_1.bmp,80
080_R_index_2.bmp,80
080_R_index_3.bmp,80
080_R_index_4.bmp,80
080_R_index_5.bmp,80
080_R_index_6.bmp,80
080_R_middle_1.bmp,80
080_R_middle_2.bmp,80
080_R_middle_3.bmp,80
080_R_middle_4.bmp,80
080_R_middle_5.bmp,80
080_R_middle_6.bmp,80
080_R_ring_1.bmp,80
080_R_ring_2.bmp,80
080_R_ring_3.bmp,80
080_R_ring_4.bmp,80
080_R_ring_5.bmp,80
080_R_ring_6.bmp,80
081_L_index_1.bmp,81
081_L_index_2.bmp,81
081_L_index_3.bmp,81
081_L_index_4.bmp,81
081_L_index_5.bmp,81
081_L_index_6.bmp,81
081_L_middle_1.bmp,81
081_L_middle_2.bmp,81
081_L_middle_3.bmp,81
081_L_middle_4.bmp,81
081_L_middle_5.bmp,81
081_L_middle_6.bmp,81
081_L_ring_1.bmp,81
081_L_ring_2.bmp,81
081_L_ring_3.bmp,81
081_L_ring_4.bmp,81
081_L_ring_5.bmp,81
081_L_ring_6.bmp,81
081_R_index_1.bmp,81
081_R_index_2.bmp,81
081_R_index_3.bmp,81
081_R_index_4.bmp,81
081_R_index_5.bmp,81
081_R_index_6.bmp,81
081_R_middle_1.bmp,81
081_R_middle_2.bmp,81
081_R_middle_3.bmp,81
081_R_middle_4.bmp,81
081_R_middle_5.bmp,81
081_R_middle_6.bmp,81
081_R_ring_1.bmp,81
081_R_ring_2.bmp,81
081_R_ring_3.bmp,81
081_R_ring_4.bmp,81
081_R_ring_5.bmp,81
081_R_ring_6.bmp,81
082_L_index_1.bmp,82
082_L_index_2.bmp,82
082_L_index_3.bmp,82
082_L_index_4.bmp,82
082_L_index_5.bmp,82
082_L_index_6.bmp,82
082_L_middle_1.bmp,82
082_L_middle_2.bmp,82
082_L_middle_3.bmp,82
082_L_middle_4.bmp,82
082_L_middle_5.bmp,82
082_L_middle_6.bmp,82
082_L_ring_1.bmp,82
082_L_ring_2.bmp,82
082_L_ring_3.bmp,82
082_L_ring_4.bmp,82
082_L_ring_5.bmp,82
082_L_ring_6.bmp,82
082_R_index_1.bmp,82
082_R_index_2.bmp,82
082_R_index_3.bmp,82
082_R_index_4.bmp,82
082_R_index_5.bmp,82
082_R_index_6.bmp,82
082_R_middle_1.bmp,82
082_R_middle_2.bmp,82
082_R_middle_3.bmp,82
082_R_middle_4.bmp,82
082_R_middle_5.bmp,82
082_R_middle_6.bmp,82
082_R_ring_1.bmp,82
082_R_ring_2.bmp,82
082_R_ring_3.bmp,82
082_R_ring_4.bmp,82
082_R_ring_5.bmp,82
082_R_ring_6.bmp,82
083_L_index_1.bmp,83
083_L_index_2.bmp,83
083_L_index_3.bmp,83
083_L_index_4.bmp,83
083_L_index_5.bmp,83
083_L_index_6.bmp,83
083_L_middle_1.bmp,83
083_L_middle_2.bmp,83
083_L_middle_3.bmp,83
083_L_middle_4.bmp,83
083_L_middle_5.bmp,83
083_L_middle_6.bmp,83
083_L_ring_1.bmp,83
083_L_ring_2.bmp,83
083_L_ring_3.bmp,83
083_L_ring_4.bmp,83
083_L_ring_5.bmp,83
083_L_ring_6.bmp,83
083_R_index_1.bmp,83
083_R_index_2.bmp,83
083_R_index_3.bmp,83
083_R_index_4.bmp,83
083_R_index_5.bmp,83
083_R_index_6.bmp,83
083_R_middle_1.bmp,83
083_R_middle_2.bmp,83
083_R_middle_3.bmp,83
083_R_middle_4.bmp,83
083_R_middle_5.bmp,83
083_R_middle_6.bmp,83
083_R_ring_1.bmp,83
083_R_ring_2.bmp,83
083_R_ring_3.bmp,83
083_R_ring_4.bmp,83
083_R_ring_5.bmp,83
083_R_ring_6.bmp,83
084_L_index_1.bmp,84
084_L_index_2.bmp,84
084_L_index_3.bmp,84
084_L_index_4.bmp,84
084_L_index_5.bmp,84
084_L_index_6.bmp,84
084_L_middle_1.bmp,84
084_L_middle_2.bmp,84
084_L_middle_3.bmp,84
084_L_middle_4.bmp,84
084_L_middle_5.bmp,84
084_L_middle_6.bmp,84
084_L_ring_1.bmp,84
084_L_ring_2.bmp,84
084_L_ring_3.bmp,84
084_L_ring_4.bmp,84
084_L_ring_5.bmp,84
084_L_ring_6.bmp,84
084_R_index_1.bmp,84
084_R_index_2.bmp,84
084_R_index_3.bmp,84
084_R_index_4.bmp,84
084_R_index_5.bmp,84
084_R_index_6.bmp,84
084_R_middle_1.bmp,84
084_R_middle_2.bmp,84
084_R_middle_3.bmp,84
084_R_middle_4.bmp,84
084_R_middle_5.bmp,84
084_R_middle_6.bmp,84
084_R_ring_1.bmp,84
084_R_ring_2.bmp,84
084_R_ring_3.bmp,84
084_R_ring_4.bmp,84
084_R_ring_5.bmp,84
084_R_ring_6.bmp,84
085_L_index_1.bmp,85
085_L_index_2.bmp,85
085_L_index_3.bmp,85
085_L_index_4.bmp,85
085_L_index_5.bmp,85
085_L_index_6.bmp,85
085_L_middle_1.bmp,85
085_L_middle_2.bmp,85
085_L_middle_3.bmp,85
085_L_middle_4.bmp,85
085_L_middle_5.bmp,85
085_L_middle_6.bmp,85
085_L_ring_1.bmp,85
085_L_ring_2.bmp,85
085_L_ring_3.bmp,85
085_L_ring_4.bmp,85
085_L_ring_5.bmp,85
085_L_ring_6.bmp,85
085_R_index_1.bmp,85
085_R_index_2.bmp,85
085_R_index_3.bmp,85
085_R_index_4.bmp,85
085_R_index_5.bmp,85
085_R_index_6.bmp,85
085_R_middle_1.bmp,85
085_R_middle_2.bmp,85
085_R_middle_3.bmp,85
085_R_middle_4.bmp,85
085_R_middle_5.bmp,85
085_R_middle_6.bmp,85
085_R_ring_1.bmp,85
085_R_ring_2.bmp,85
085_R_ring_3.bmp,85
085_R_ring_4.bmp,85
085_R_ring_5.bmp,85
085_R_ring_6.bmp,85
086_L_index_1.bmp,86
086_L_index_2.bmp,86
086_L_index_3.bmp,86
086_L_index_4.bmp,86
086_L_index_5.bmp,86
086_L_index_6.bmp,86
086_L_middle_1.bmp,86
086_L_middle_2.bmp,86
086_L_middle_3.bmp,86
086_L_middle_4.bmp,86
086_L_middle_5.bmp,86
086_L_middle_6.bmp,86
086_L_ring_1.bmp,86
086_L_ring_2.bmp,86
086_L_ring_3.bmp,86
086_L_ring_4.bmp,86
086_L_ring_5.bmp,86
086_L_ring_6.bmp,86
086_R_index_1.bmp,86
086_R_index_2.bmp,86
086_R_index_3.bmp,86
086_R_index_4.bmp,86
086_R_index_5.bmp,86
086_R_index_6.bmp,86
086_R_middle_1.bmp,86
086_R_middle_2.bmp,86
086_R_middle_3.bmp,86
086_R_middle_4.bmp,86
086_R_middle_5.bmp,86
086_R_middle_6.bmp,86
086_R_ring_1.bmp,86
086_R_ring_2.bmp,86
086_R_ring_3.bmp,86
086_R_ring_4.bmp,86
086_R_ring_5.bmp,86
086_R_ring_6.bmp,86
087_L_index_1.bmp,87
087_L_index_2.bmp,87
087_L_index_3.bmp,87
087_L_index_4.bmp,87
087_L_index_5.bmp,87
087_L_index_6.bmp,87
087_L_middle_1.bmp,87
087_L_middle_2.bmp,87
087_L_middle_3.bmp,87
087_L_middle_4.bmp,87
087_L_middle_5.bmp,87
087_L_middle_6.bmp,87
087_L_ring_1.bmp,87
087_L_ring_2.bmp,87
087_L_ring_3.bmp,87
087_L_ring_4.bmp,87
087_L_ring_5.bmp,87
087_L_ring_6.bmp,87
087_R_index_1.bmp,87
087_R_index_2.bmp,87
087_R_index_3.bmp,87
087_R_index_4.bmp,87
087_R_index_5.bmp,87
087_R_index_6.bmp,87
087_R_middle_1.bmp,87
087_R_middle_2.bmp,87
087_R_middle_3.bmp,87
087_R_middle_4.bmp,87
087_R_middle_5.bmp,87
087_R_middle_6.bmp,87
087_R_ring_1.bmp,87
087_R_ring_2.bmp,87
087_R_ring_3.bmp,87
087_R_ring_4.bmp,87
087_R_ring_5.bmp,87
087_R_ring_6.bmp,87
088_L_index_1.bmp,88
088_L_index_2.bmp,88
088_L_index_3.bmp,88
088_L_index_4.bmp,88
088_L_index_5.bmp,88
088_L_index_6.bmp,88
088_L_middle_1.bmp,88
088_L_middle_2.bmp,88
088_L_middle_3.bmp,88
088_L_middle_4.bmp,88
088_L_middle_5.bmp,88
088_L_middle_6.bmp,88
088_L_ring_1.bmp,88
088_L_ring_2.bmp,88
088_L_ring_3.bmp,88
088_L_ring_4.bmp,88
088_L_ring_5.bmp,88
088_L_ring_6.bmp,88
088_R_index_1.bmp,88
088_R_index_2.bmp,88
088_R_index_3.bmp,88
088_R_index_4.bmp,88
088_R_index_5.bmp,88
088_R_index_6.bmp,88
088_R_middle_1.bmp,88
088_R_middle_2.bmp,88
088_R_middle_3.bmp,88
088_R_middle_4.bmp,88
088_R_middle_5.bmp,88
088_R_middle_6.bmp,88
088_R_ring_1.bmp,88
088_R_ring_2.bmp,88
088_R_ring_3.bmp,88
088_R_ring_4.bmp,88
088_R_ring_5.bmp,88
088_R_ring_6.bmp,88
089_L_index_1.bmp,89
089_L_index_2.bmp,89
089_L_index_3.bmp,89
089_L_index_4.bmp,89
089_L_index_5.bmp,89
089_L_index_6.bmp,89
089_L_middle_1.bmp,89
089_L_middle_2.bmp,89
089_L_middle_3.bmp,89
089_L_middle_4.bmp,89
089_L_middle_5.bmp,89
089_L_middle_6.bmp,89
089_L_ring_1.bmp,89
089_L_ring_2.bmp,89
089_L_ring_3.bmp,89
089_L_ring_4.bmp,89
089_L_ring_5.bmp,89
089_L_ring_6.bmp,89
089_R_index_1.bmp,89
089_R_index_2.bmp,89
089_R_index_3.bmp,89
089_R_index_4.bmp,89
089_R_index_5.bmp,89
089_R_index_6.bmp,89
089_R_middle_1.bmp,89
089_R_middle_2.bmp,89
089_R_middle_3.bmp,89
089_R_middle_4.bmp,89
089_R_middle_5.bmp,89
089_R_middle_6.bmp,89
089_R_ring_1.bmp,89
089_R_ring_2.bmp,89
089_R_ring_3.bmp,89
089_R_ring_4.bmp,89
089_R_ring_5.bmp,89
089_R_ring_6.bmp,89
090_L_index_1.bmp,90
090_L_index_2.bmp,90
090_L_index_3.bmp,90
090_L_index_4.bmp,90
090_L_index_5.bmp,90
090_L_index_6.bmp,90
090_L_middle_1.bmp,90
090_L_middle_2.bmp,90
090_L_middle_3.bmp,90
090_L_middle_4.bmp,90
090_L_middle_5.bmp,90
090_L_middle_6.bmp,90
090_L_ring_1.bmp,90
090_L_ring_2.bmp,90
090_L_ring_3.bmp,90
090_L_ring_4.bmp,90
090_L_ring_5.bmp,90
090_L_ring_6.bmp,90
090_R_index_1.bmp,90
090_R_index_2.bmp,90
090_R_index_3.bmp,90
090_R_index_4.bmp,90
090_R_index_5.bmp,90
090_R_index_6.bmp,90
090_R_middle_1.bmp,90
090_R_middle_2.bmp,90
090_R_middle_3.bmp,90
090_R_middle_4.bmp,90
090_R_middle_5.bmp,90
090_R_middle_6.bmp,90
090_R_ring_1.bmp,90
090_R_ring_2.bmp,90
090_R_ring_3.bmp,90
090_R_ring_4.bmp,90
090_R_ring_5.bmp,90
090_R_ring_6.bmp,90
091_L_index_1.bmp,91
091_L_index_2.bmp,91
091_L_index_3.bmp,91
091_L_index_4.bmp,91
091_L_index_5.bmp,91
091_L_index_6.bmp,91
091_L_middle_1.bmp,91
091_L_middle_2.bmp,91
091_L_middle_3.bmp,91
091_L_middle_4.bmp,91
091_L_middle_5.bmp,91
091_L_middle_6.bmp,91
091_L_ring_1.bmp,91
091_L_ring_2.bmp,91
091_L_ring_3.bmp,91
091_L_ring_4.bmp,91
091_L_ring_5.bmp,91
091_L_ring_6.bmp,91
091_R_index_1.bmp,91
091_R_index_2.bmp,91
091_R_index_3.bmp,91
091_R_index_4.bmp,91
091_R_index_5.bmp,91
091_R_index_6.bmp,91
091_R_middle_1.bmp,91
091_R_middle_2.bmp,91
091_R_middle_3.bmp,91
091_R_middle_4.bmp,91
091_R_middle_5.bmp,91
091_R_middle_6.bmp,91
091_R_ring_1.bmp,91
091_R_ring_2.bmp,91
091_R_ring_3.bmp,91
091_R_ring_4.bmp,91
091_R_ring_5.bmp,91
091_R_ring_6.bmp,91
092_L_index_1.bmp,92
092_L_index_2.bmp,92
092_L_index_3.bmp,92
092_L_index_4.bmp,92
092_L_index_5.bmp,92
092_L_index_6.bmp,92
092_L_middle_1.bmp,92
092_L_middle_2.bmp,92
092_L_middle_3.bmp,92
092_L_middle_4.bmp,92
092_L_middle_5.bmp,92
092_L_middle_6.bmp,92
092_L_ring_1.bmp,92
092_L_ring_2.bmp,92
092_L_ring_3.bmp,92
092_L_ring_4.bmp,92
092_L_ring_5.bmp,92
092_L_ring_6.bmp,92
092_R_index_1.bmp,92
092_R_index_2.bmp,92
092_R_index_3.bmp,92
092_R_index_4.bmp,92
092_R_index_5.bmp,92
092_R_index_6.bmp,92
092_R_middle_1.bmp,92
092_R_middle_2.bmp,92
092_R_middle_3.bmp,92
092_R_middle_4.bmp,92
092_R_middle_5.bmp,92
092_R_middle_6.bmp,92
092_R_ring_1.bmp,92
092_R_ring_2.bmp,92
092_R_ring_3.bmp,92
092_R_ring_4.bmp,92
092_R_ring_5.bmp,92
092_R_ring_6.bmp,92
093_L_index_1.bmp,93
093_L_index_2.bmp,93
093_L_index_3.bmp,93
093_L_index_4.bmp,93
093_L_index_5.bmp,93
093_L_index_6.bmp,93
093_L_middle_1.bmp,93
093_L_middle_2.bmp,93
093_L_middle_3.bmp,93
093_L_middle_4.bmp,93
093_L_middle_5.bmp,93
093_L_middle_6.bmp,93
093_L_ring_1.bmp,93
093_L_ring_2.bmp,93
093_L_ring_3.bmp,93
093_L_ring_4.bmp,93
093_L_ring_5.bmp,93
093_L_ring_6.bmp,93
093_R_index_1.bmp,93
093_R_index_2.bmp,93
093_R_index_3.bmp,93
093_R_index_4.bmp,93
093_R_index_5.bmp,93
093_R_index_6.bmp,93
093_R_middle_1.bmp,93
093_R_middle_2.bmp,93
093_R_middle_3.bmp,93
093_R_middle_4.bmp,93
093_R_middle_5.bmp,93
093_R_middle_6.bmp,93
093_R_ring_1.bmp,93
093_R_ring_2.bmp,93
093_R_ring_3.bmp,93
093_R_ring_4.bmp,93
093_R_ring_5.bmp,93
093_R_ring_6.bmp,93
094_L_index_1.bmp,94
094_L_index_2.bmp,94
094_L_index_3.bmp,94
094_L_index_4.bmp,94
094_L_index_5.bmp,94
094_L_index_6.bmp,94
094_L_middle_1.bmp,94
094_L_middle_2.bmp,94
094_L_middle_3.bmp,94
094_L_middle_4.bmp,94
094_L_middle_5.bmp,94
094_L_middle_6.bmp,94
094_L_ring_1.bmp,94
094_L_ring_2.bmp,94
094_L_ring_3.bmp,94
094_L_ring_4.bmp,94
094_L_ring_5.bmp,94
094_L_ring_6.bmp,94
094_R_index_1.bmp,94
094_R_index_2.bmp,94
094_R_index_3.bmp,94
094_R_index_4.bmp,94
094_R_index_5.bmp,94
094_R_index_6.bmp,94
094_R_middle_1.bmp,94
094_R_middle_2.bmp,94
094_R_middle_3.bmp,94
094_R_middle_4.bmp,94
094_R_middle_5.bmp,94
094_R_middle_6.bmp,94
094_R_ring_1.bmp,94
094_R_ring_2.bmp,94
094_R_ring_3.bmp,94
094_R_ring_4.bmp,94
094_R_ring_5.bmp,94
094_R_ring_6.bmp,94
095_L_index_1.bmp,95
095_L_index_2.bmp,95
095_L_index_3.bmp,95
095_L_index_4.bmp,95
095_L_index_5.bmp,95
095_L_index_6.bmp,95
095_L_middle_1.bmp,95
095_L_middle_2.bmp,95
095_L_middle_3.bmp,95
095_L_middle_4.bmp,95
095_L_middle_5.bmp,95
095_L_middle_6.bmp,95
095_L_ring_1.bmp,95
095_L_ring_2.bmp,95
095_L_ring_3.bmp,95
095_L_ring_4.bmp,95
095_L_ring_5.bmp,95
095_L_ring_6.bmp,95
095_R_index_1.bmp,95
095_R_index_2.bmp,95
095_R_index_3.bmp,95
095_R_index_4.bmp,95
095_R_index_5.bmp,95
095_R_index_6.bmp,95
095_R_middle_1.bmp,95
095_R_middle_2.bmp,95
095_R_middle_3.bmp,95
095_R_middle_4.bmp,95
095_R_middle_5.bmp,95
095_R_middle_6.bmp,95
095_R_ring_1.bmp,95
095_R_ring_2.bmp,95
095_R_ring_3.bmp,95
095_R_ring_4.bmp,95
095_R_ring_5.bmp,95
095_R_ring_6.bmp,95
096_L_index_1.bmp,96
096_L_index_2.bmp,96
096_L_index_3.bmp,96
096_L_index_4.bmp,96
096_L_index_5.bmp,96
096_L_index_6.bmp,96
096_L_middle_1.bmp,96
096_L_middle_2.bmp,96
096_L_middle_3.bmp,96
096_L_middle_4.bmp,96
096_L_middle_5.bmp,96
096_L_middle_6.bmp,96
096_L_ring_1.bmp,96
096_L_ring_2.bmp,96
096_L_ring_3.bmp,96
096_L_ring_4.bmp,96
096_L_ring_5.bmp,96
096_L_ring_6.bmp,96
096_R_index_1.bmp,96
096_R_index_2.bmp,96
096_R_index_3.bmp,96
096_R_index_4.bmp,96
096_R_index_5.bmp,96
096_R_index_6.bmp,96
096_R_middle_1.bmp,96
096_R_middle_2.bmp,96
096_R_middle_3.bmp,96
096_R_middle_4.bmp,96
096_R_middle_5.bmp,96
096_R_middle_6.bmp,96
096_R_ring_1.bmp,96
096_R_ring_2.bmp,96
096_R_ring_3.bmp,96
096_R_ring_4.bmp,96
096_R_ring_5.bmp,96
096_R_ring_6.bmp,96
097_L_index_1.bmp,97
097_L_index_2.bmp,97
097_L_index_3.bmp,97
097_L_index_4.bmp,97
097_L_index_5.bmp,97
097_L_index_6.bmp,97
097_L_middle_1.bmp,97
097_L_middle_2.bmp,97
097_L_middle_3.bmp,97
097_L_middle_4.bmp,97
097_L_middle_5.bmp,97
097_L_middle_6.bmp,97
097_L_ring_1.bmp,97
097_L_ring_2.bmp,97
097_L_ring_3.bmp,97
097_L_ring_4.bmp,97
097_L_ring_5.bmp,97
097_L_ring_6.bmp,97
097_R_index_1.bmp,97
097_R_index_2.bmp,97
097_R_index_3.bmp,97
097_R_index_4.bmp,97
097_R_index_5.bmp,97
097_R_index_6.bmp,97
097_R_middle_1.bmp,97
097_R_middle_2.bmp,97
097_R_middle_3.bmp,97
097_R_middle_4.bmp,97
097_R_middle_5.bmp,97
097_R_middle_6.bmp,97
097_R_ring_1.bmp,97
097_R_ring_2.bmp,97
097_R_ring_3.bmp,97
097_R_ring_4.bmp,97
097_R_ring_5.bmp,97
097_R_ring_6.bmp,97
098_L_index_1.bmp,98
098_L_index_2.bmp,98
098_L_index_3.bmp,98
098_L_index_4.bmp,98
098_L_index_5.bmp,98
098_L_index_6.bmp,98
098_L_middle_1.bmp,98
098_L_middle_2.bmp,98
098_L_middle_3.bmp,98
098_L_middle_4.bmp,98
098_L_middle_5.bmp,98
098_L_middle_6.bmp,98
098_L_ring_1.bmp,98
098_L_ring_2.bmp,98
098_L_ring_3.bmp,98
098_L_ring_4.bmp,98
098_L_ring_5.bmp,98
098_L_ring_6.bmp,98
098_R_index_1.bmp,98
098_R_index_2.bmp,98
098_R_index_3.bmp,98
098_R_index_4.bmp,98
098_R_index_5.bmp,98
098_R_index_6.bmp,98
098_R_middle_1.bmp,98
098_R_middle_2.bmp,98
098_R_middle_3.bmp,98
098_R_middle_4.bmp,98
098_R_middle_5.bmp,98
098_R_middle_6.bmp,98
098_R_ring_1.bmp,98
098_R_ring_2.bmp,98
098_R_ring_3.bmp,98
098_R_ring_4.bmp,98
098_R_ring_5.bmp,98
098_R_ring_6.bmp,98
099_L_index_1.bmp,99
099_L_index_2.bmp,99
099_L_index_3.bmp,99
099_L_index_4.bmp,99
099_L_index_5.bmp,99
099_L_index_6.bmp,99
099_L_middle_1.bmp,99
099_L_middle_2.bmp,99
099_L_middle_3.bmp,99
099_L_middle_4.bmp,99
099_L_middle_5.bmp,99
099_L_middle_6.bmp,99
099_L_ring_1.bmp,99
099_L_ring_2.bmp,99
099_L_ring_3.bmp,99
099_L_ring_4.bmp,99
099_L_ring_5.bmp,99
099_L_ring_6.bmp,99
099_R_index_1.bmp,99
099_R_index_2.bmp,99
099_R_index_3.bmp,99
099_R_index_4.bmp,99
099_R_index_5.bmp,99
099_R_index_6.bmp,99
099_R_middle_1.bmp,99
099_R_middle_2.bmp,99
099_R_middle_3.bmp,99
099_R_middle_4.bmp,99
099_R_middle_5.bmp,99
099_R_middle_6.bmp,99
099_R_ring_1.bmp,99
099_R_ring_2.bmp,99
099_R_ring_3.bmp,99
099_R_ring_4.bmp,99
099_R_ring_5.bmp,99
099_R_ring_6.bmp,99
100_L_index_1.bmp,100
100_L_index_2.bmp,100
100_L_index_3.bmp,100
100_L_index_4.bmp,100
100_L_index_5.bmp,100
100_L_index_6.bmp,100
100_L_middle_1.bmp,100
100_L_middle_2.bmp,100
100_L_middle_3.bmp,100
100_L_middle_4.bmp,100
100_L_middle_5.bmp,100
100_L_middle_6.bmp,100
100_L_ring_1.bmp,100
100_L_ring_2.bmp,100
100_L_ring_3.bmp,100
100_L_ring_4.bmp,100
100_L_ring_5.bmp,100
100_L_ring_6.bmp,100
100_R_index_1.bmp,100
100_R_index_2.bmp,100
100_R_index_3.bmp,100
100_R_index_4.bmp,100
100_R_index_5.bmp,100
100_R_index_6.bmp,100
100_R_middle_1.bmp,100
100_R_middle_2.bmp,100
100_R_middle_3.bmp,100
100_R_middle_4.bmp,100
100_R_middle_5.bmp,100
100_R_middle_6.bmp,100
100_R_ring_1.bmp,100
100_R_ring_2.bmp,100
100_R_ring_3.bmp,100
100_R_ring_4.bmp,100
100_R_ring_5.bmp,100
100_R_ring_6.bmp,100
