091_L_index_1.bmp,91
091_L_index_2.bmp,91
091_L_index_3.bmp,91
091_L_index_4.bmp,91
091_L_index_5.bmp,91
091_L_index_6.bmp,91
091_L_middle_1.bmp,91
091_L_middle_2.bmp,91
091_L_middle_3.bmp,91
091_L_middle_4.bmp,91
091_L_middle_5.bmp,91
091_L_middle_6.bmp,91
091_L_ring_1.bmp,91
091_L_ring_2.bmp,91
091_L_ring_3.bmp,91
091_L_ring_4.bmp,91
091_L_ring_5.bmp,91
091_L_ring_6.bmp,91
092_L_index_1.bmp,92
092_L_index_2.bmp,92
092_L_index_3.bmp,92
092_L_index_4.bmp,92
092_L_index_5.bmp,92
092_L_index_6.bmp,92
092_L_middle_1.bmp,92
092_L_middle_2.bmp,92
092_L_middle_3.bmp,92
092_L_middle_4.bmp,92
092_L_middle_5.bmp,92
092_L_middle_6.bmp,92
092_L_ring_1.bmp,92
092_L_ring_2.bmp,92
092_L_ring_3.bmp,92
092_L_ring_4.bmp,92
092_L_ring_5.bmp,92
092_L_ring_6.bmp,92
093_L_index_1.bmp,93
093_L_index_2.bmp,93
093_L_index_3.bmp,93
093_L_index_4.bmp,93
093_L_index_5.bmp,93
093_L_index_6.bmp,93
093_L_middle_1.bmp,93
093_L_middle_2.bmp,93
093_L_middle_3.bmp,93
093_L_middle_4.bmp,93
093_L_middle_5.bmp,93
093_L_middle_6.bmp,93
093_L_ring_1.bmp,93
093_L_ring_2.bmp,93
093_L_ring_3.bmp,93
093_L_ring_4.bmp,93
093_L_ring_5.bmp,93
093_L_ring_6.bmp,93
094_L_index_1.bmp,94
094_L_index_2.bmp,94
094_L_index_3.bmp,94
094_L_index_4.bmp,94
094_L_index_5.bmp,94
094_L_index_6.bmp,94
094_L_middle_1.bmp,94
094_L_middle_2.bmp,94
094_L_middle_3.bmp,94
094_L_middle_4.bmp,94
094_L_middle_5.bmp,94
094_L_middle_6.bmp,94
094_L_ring_1.bmp,94
094_L_ring_2.bmp,94
094_L_ring_3.bmp,94
094_L_ring_4.bmp,94
094_L_ring_5.bmp,94
094_L_ring_6.bmp,94
095_L_index_1.bmp,95
095_L_index_2.bmp,95
095_L_index_3.bmp,95
095_L_index_4.bmp,95
095_L_index_5.bmp,95
095_L_index_6.bmp,95
095_L_middle_1.bmp,95
095_L_middle_2.bmp,95
095_L_middle_3.bmp,95
095_L_middle_4.bmp,95
095_L_middle_5.bmp,95
095_L_middle_6.bmp,95
095_L_ring_1.bmp,95
095_L_ring_2.bmp,95
095_L_ring_3.bmp,95
095_L_ring_4.bmp,95
095_L_ring_5.bmp,95
095_L_ring_6.bmp,95
096_L_index_1.bmp,96
096_L_index_2.bmp,96
096_L_index_3.bmp,96
096_L_index_4.bmp,96
096_L_index_5.bmp,96
096_L_index_6.bmp,96
096_L_middle_1.bmp,96
096_L_middle_2.bmp,96
096_L_middle_3.bmp,96
096_L_middle_4.bmp,96
096_L_middle_5.bmp,96
096_L_middle_6.bmp,96
096_L_ring_1.bmp,96
096_L_ring_2.bmp,96
096_L_ring_3.bmp,96
096_L_ring_4.bmp,96
096_L_ring_5.bmp,96
096_L_ring_6.bmp,96
097_L_index_1.bmp,97
097_L_index_2.bmp,97
097_L_index_3.bmp,97
097_L_index_4.bmp,97
097_L_index_5.bmp,97
097_L_index_6.bmp,97
097_L_middle_1.bmp,97
097_L_middle_2.bmp,97
097_L_middle_3.bmp,97
097_L_middle_4.bmp,97
097_L_middle_5.bmp,97
097_L_middle_6.bmp,97
097_L_ring_1.bmp,97
097_L_ring_2.bmp,97
097_L_ring_3.bmp,97
097_L_ring_4.bmp,97
097_L_ring_5.bmp,97
097_L_ring_6.bmp,97
098_L_index_1.bmp,98
098_L_index_2.bmp,98
098_L_index_3.bmp,98
098_L_index_4.bmp,98
098_L_index_5.bmp,98
098_L_index_6.bmp,98
098_L_middle_1.bmp,98
098_L_middle_2.bmp,98
098_L_middle_3.bmp,98
098_L_middle_4.bmp,98
098_L_middle_5.bmp,98
098_L_middle_6.bmp,98
098_L_ring_1.bmp,98
098_L_ring_2.bmp,98
098_L_ring_3.bmp,98
098_L_ring_4.bmp,98
098_L_ring_5.bmp,98
098_L_ring_6.bmp,98
099_L_index_1.bmp,99
099_L_index_2.bmp,99
099_L_index_3.bmp,99
099_L_index_4.bmp,99
099_L_index_5.bmp,99
099_L_index_6.bmp,99
099_L_middle_1.bmp,99
099_L_middle_2.bmp,99
099_L_middle_3.bmp,99
099_L_middle_4.bmp,99
099_L_middle_5.bmp,99
099_L_middle_6.bmp,99
099_L_ring_1.bmp,99
099_L_ring_2.bmp,99
099_L_ring_3.bmp,99
099_L_ring_4.bmp,99
099_L_ring_5.bmp,99
099_L_ring_6.bmp,99
100_L_index_1.bmp,100
100_L_index_2.bmp,100
100_L_index_3.bmp,100
100_L_index_4.bmp,100
100_L_index_5.bmp,100
100_L_index_6.bmp,100
100_L_middle_1.bmp,100
100_L_middle_2.bmp,100
100_L_middle_3.bmp,100
100_L_middle_4.bmp,100
100_L_middle_5.bmp,100
100_L_middle_6.bmp,100
100_L_ring_1.bmp,100
100_L_ring_2.bmp,100
100_L_ring_3.bmp,100
100_L_ring_4.bmp,100
100_L_ring_5.bmp,100
100_L_ring_6.bmp,100
